merval,spread,valor transado,LIX
471.711,1.142254742,662456.2256,6.215163096
468.97825,1.57287708,740135.4844,6.283777591
474.48756,1.567723454,236023.0103,6.10602558
468.4259,1.165944132,853151.0969,6.249169997
463.86918,1.165582144,929384.3927,6.454909404
459.52282,1.164140842,1072305.738,6.49687245
469.71375,1.169344238,911661.6781,6.128520365
470.21233,1.170611224,559825.9699,6.233155742
477.88579,1.169595667,410679.9624,5.915547453
478.16308,1.17333998,1055614.98,6.514878282
475.04698,1.172191217,740712.7498,6.097853483
464.77327,1.169322139,578220.9773,6.323918207
471.55846,1.167090799,845095.0441,6.106264918
465.33889,1.16605589,653627.2401,6.314079295
470.00252,1.167664411,601920.2768,6.245119221
459.32487,1.172130071,1271268.775,6.329081574
460.59144,1.169715862,463269.1737,6.070310257
460.09654,1.165032828,1150123.241,6.469798959
456.64663,1.16376084,604751.6261,6.059252095
462.42863,1.164991132,541023.5944,6.341913711
462.42863,1.164682832,541278.9513,6.34203436
444.71684,1.166868151,433293.4933,5.85190244
436.66241,1.166895218,577659.8916,6.404417
436.66241,1.167390013,577183.8625,6.404020895
436.66241,1.167390013,577183.8625,6.404020895
429.42804,1.170735552,276148.2253,5.649839473
426.67047,1.171511796,823047.8175,6.139289213
426.21837,1.173195243,678226.0468,6.102558142
435.14609,1.172147925,954616.3414,6.33221282
425.46026,1.171004287,391339.1851,6.112735618
415.25786,1.174516998,366038.2745,5.576808336
393.39262,1.180780626,768366.9294,6.120513126
383.09853,1.186533555,1154098.099,6.076320861
385.84372,1.186614504,798033.1691,6.023136845
384.33308,1.18794084,940539.4013,6.377916799
379.68232,1.185811973,570225.2557,6.420126515
378.70135,1.187981496,617941.2205,6.347074555
368.86784,1.190030361,395848.9329,5.809582608
363.21704,1.193088272,560782.376,5.957116464
363.28343,1.194128208,449835.8222,6.073232059
363.28343,1.194711948,447776.1895,6.072018596
363.28343,1.194711948,447776.1895,6.072018596
356.62332,1.197051624,512891.8209,6.094232217
348.52695,1.198104305,415220.4234,6.015084105
356.36733,1.193381672,764381.8472,6.2672008
364.36309,1.18939628,522043.5717,6.002516633
391.84437,1.1808594,672842.4456,6.266459198
383.97819,1.18084501,605074.5696,6.20852673
377.91193,1.179569307,717038.3308,6.189339348
375.96936,1.181122138,295133.7298,5.947880219
361.96749,1.180201704,310096.4576,5.892966697
357.2287,1.182207946,427915.1028,5.929452086
345.58172,1.184404413,603474.3155,6.204182645
338.63192,1.184964681,567772.9387,5.914545799
341.14888,1.181752805,336402.9034,6.068405928
347.51625,1.184937216,663382.1163,6.058558978
354.73088,1.179972181,602153.0645,5.916561408
365.30722,1.170729144,704111.9687,6.142453395
376.84114,1.158834594,1394135.409,6.367388657
376.84114,1.160104375,1393116.93,6.367209209
378.70786,1.160754946,147236.2062,5.536148613
368.26334,1.166195653,877414.92,6.053913588
362.08045,1.163231271,436414.0509,5.751555354
362.24951,1.162902988,755063.3461,5.918633991
356.13231,1.160653104,524474.1474,6.066898099
354.26731,1.163163848,507422.9573,6.031634417
353.07158,1.161824356,454854.7685,5.737480078
353.7466,1.162763825,400525.7316,5.937061795
351.07636,1.163154526,863317.8314,6.078854687
347.94041,1.163078091,494231.3596,6.263386681
341.74653,1.162558897,654231.8301,6.113336028
340.06149,1.163379764,918140.4096,6.271949788
335.92462,1.165376221,316567.5194,6.014718088
340.7165,1.164796093,814790.0162,6.149665759
353.95879,1.164571156,1001903.193,6.206935448
352.70373,1.163201279,991709.149,6.384048686
360.32617,1.167812422,1948154.625,6.390626012
360.32617,1.169010507,1944177.977,6.389387996
355.05598,1.165686292,1144708.026,6.497375248
363.55223,1.162112176,752234.3252,6.268299385
356.25443,1.156389871,1654500.809,6.508494936
355.04703,1.158939623,863149.9072,6.481207719
354.81834,1.156233651,787762.3337,6.143162311
352.45099,1.158998487,735330.8677,6.181045881
361.2715,1.162402601,1617870.994,6.663484395
363.36647,1.165514803,461262.9363,6.113396523
370.12114,1.167695628,1030511.096,6.398518038
373.21969,1.164136233,228702.9941,5.964232929
364.44837,1.167817548,1376634.299,6.373500432
365.44463,1.164278559,717960.4148,6.17277062
365.44463,1.164278559,717960.4148,6.17277062
353.60859,1.165537195,609728.0893,6.167265809
361.52694,1.166212185,470768.3601,6.106874581
358.41831,1.169534698,1188886.689,6.412388626
360.83925,1.171996301,1340583.656,6.656758291
361.23427,1.173963909,777459.9453,6.599116919
362.53955,1.173980831,929978.9183,6.435488238
377.84243,1.170219573,1011041.957,6.426178183
377.70608,1.169002171,940213.4706,6.405520447
370.78087,1.168583708,652102.8907,6.240107958
368.48631,1.167138904,854372.0147,6.370622132
361.95512,1.166861026,1112090.765,6.027344249
363.09923,1.167364449,873673.1827,6.372537041
365.93654,1.172637488,829192.3367,6.226901646
364.403,1.178676342,1115581.956,6.455850454
360.66814,1.184628821,680874.0051,6.205016597
357.88647,1.183532322,723777.9068,6.257004197
357.13474,1.183031199,554871.269,5.722952563
352.8596,1.181565234,434778.6752,5.93912442
353.84984,1.184527379,924734.4797,6.507208128
356.6332,1.186651039,1504949.693,6.385389894
360.94032,1.186942291,592839.288,6.265446774
361.13359,1.192535615,1601547.55,6.507020507
353.03264,1.189747289,1656164.634,6.053157246
356.07111,1.191157801,1708896.599,6.322941606
357.32216,1.193381205,586512.0708,6.092773826
354.62499,1.1962106,691718.778,6.156818629
357.10998,1.197251316,2417739.391,6.822108811
362.50244,1.196580651,2333072.685,6.788649338
358.24609,1.19904852,2094843.016,6.924387442
358.24609,1.199013724,2094606.064,6.924312888
354.4189,1.199121733,1902018.906,6.45864111
352.57891,1.20168461,1739303.996,6.63470168
355.25951,1.196949583,575894.3182,6.17696746
357.54927,1.197006836,500617.3297,6.410335485
358.34758,1.19569194,387413.8733,6.315621773
356.50005,1.196250557,396918.2411,6.120860999
355.41177,1.198358979,917073.4316,6.502321391
352.58783,1.198935571,644748.6744,6.320599802
348.59763,1.201453683,834130.0665,6.401851225
346.98845,1.201695448,155124.9215,5.924283888
341.97103,1.203740678,581152.35,6.414043611
341.52672,1.204947766,507712.1702,6.107247282
343.84374,1.208023978,844724.0931,6.614484706
338.4262,1.213218366,585452.8644,6.177055709
337.61021,1.210025348,592512.5417,6.416110822
342.25845,1.207992715,918222.6492,6.472154607
347.00622,1.205413179,1472446.972,6.663092697
357.27524,1.206103504,2144513.197,6.526275717
361.33268,1.205217236,1424007.195,6.548805286
351.20787,1.209189046,739688.5637,6.270853716
355.01711,1.205263619,590201.1331,6.227321751
356.91368,1.204557164,442270.3605,6.038398821
359.31907,1.204214163,474667.2713,5.915212241
365.77071,1.202141657,588125.0999,6.161939269
365.77071,1.202676481,585536.8871,6.161043085
366.00277,1.204075343,443484.6111,5.93695558
353.27262,1.207571953,504227.6955,6.399490776
357.96205,1.205438953,268413.5824,6.176579309
352.79659,1.202491325,503297.0691,6.142715891
352.31863,1.205394056,754924.5984,6.294280269
351.781,1.207949464,484004.1844,6.26428747
351.44826,1.20563761,368848.149,6.017134961
354.24716,1.205887424,481054.0589,5.884539604
358.02196,1.204213317,477895.2368,6.097636959
358.02196,1.204533329,476880.1995,6.096812098
348.96326,1.207490716,819849.383,6.529587816
340.21172,1.210287936,622670.9328,6.033750405
345.6286,1.207694495,340424.9971,6.233342884
343.72547,1.206852737,393856.3596,5.860561617
344.1217,1.20790328,367428.1315,6.050937603
346.41963,1.209068981,677240.7878,6.467634828
351.23116,1.210610938,582478.5306,6.380896229
349.65561,1.210084751,512036.5282,6.209488607
346.61867,1.207463982,453503.4439,6.167910986
351.38827,1.205059271,703349.5411,6.387934792
337.95117,1.206459981,748917.7624,6.46412836
340.01897,1.20332632,559629.9411,6.32299683
338.39581,1.207394418,256728.0748,5.987895144
335.94513,1.209695605,695277.8916,6.168661066
329.36688,1.207812862,122048.6413,5.53942409
326.66415,1.208009055,153483.1121,5.967461532
327.70073,1.207067973,486383.4009,6.210022537
328.07003,1.209158066,758469.1914,6.172890694
335.16232,1.21029886,766580.8173,6.283315761
334.40729,1.210972375,665975.5556,6.179365856
334.40729,1.211900243,663033.9307,6.178358615
332.43187,1.207245683,632899.6739,6.264482196
337.55132,1.207828726,632369.7391,6.045734166
335.01957,1.208051031,485147.6674,5.944306844
336.99636,1.206158842,237285.3093,5.623670991
328.16224,1.208243496,338753.4039,5.723859504
324.0198,1.208904507,660231.4986,6.082527087
323.16407,1.209963976,511966.7403,6.111270944
316.50451,1.209954133,1169173.511,6.416752241
318.70046,1.209097271,412676.0303,5.93978465
318.50843,1.209269256,365234.2602,5.89039701
322.07247,1.203328672,988111.3623,6.316432763
306.91328,1.20935725,369851.3244,5.81299288
321.61046,1.209729862,783937.0968,6.025043061
321.61046,1.208819375,788418.9497,6.026807868
322.13171,1.208724329,506562.1063,5.903938737
321.89106,1.208446076,544918.3832,6.22274597
335.99089,1.208344384,1144859.754,6.273473575
338.57683,1.204800916,877382.6894,6.325574512
337.21728,1.208300391,534149.15,6.291954763
344.74363,1.206547561,768423.1578,6.234738926
346.87571,1.201026523,435631.0262,6.124563514
344.20998,1.199660435,377712.0328,6.035044845
350.19951,1.198459266,389971.7415,6.313707484
358.53608,1.196706248,777965.5959,6.239535518
364.16862,1.192952716,678909.7352,6.355769501
372.93198,1.192157559,952917.2613,6.111734771
373.3042,1.192398379,538057.7121,6.192384493
385.93686,1.193338002,1115971.514,6.281868836
396.56789,1.189480468,816648.4741,6.423014663
414.56479,1.185119573,1056829.204,6.613818988
407.24673,1.191744212,1313127.043,6.521362685
408.21426,1.192116615,1059821.165,6.190852837
395.76859,1.192614627,922466.9559,6.231130854
395.76859,1.192614627,922466.9559,6.231130854
395.76859,1.192614627,922466.9559,6.231130854
402.71553,1.190745444,348587.3962,6.174879138
404.71295,1.192059746,771307.3209,6.186018226
406.8908,1.189733496,993945.9143,6.390283859
406.8908,1.189733496,993945.9143,6.390283859
406.8908,1.189733496,993945.9143,6.390283859
421.76774,1.188342815,711085.4849,6.353429651
423.33394,1.19025011,539476.0426,6.166322494
425.62629,1.187209617,568684.1225,6.09199784
427.75581,1.184623179,590308.7771,6.349984296
432.08159,1.184842514,551738.7674,6.172454028
440.42139,1.18520398,854129.217,6.467922967
444.63367,1.185835537,1351913.999,6.508477835
442.28746,1.188623967,534222.7087,6.158824755
440.7857,1.187709299,497285.2049,5.899420542
436.49572,1.190805815,603994.5533,6.147055792
444.82954,1.190901832,374753.4303,5.872540172
451.83756,1.187586823,390458.7345,6.079412155
456.17816,1.181599624,914215.5131,6.485123728
465.53318,1.173834838,339610.4195,6.107053332
475.04338,1.172290632,1266759.367,6.416708305
471.43145,1.176356432,1241892.81,6.432717923
472.71738,1.17636446,758363.5636,6.127361908
475.34589,1.177736352,809776.0778,6.381877987
474.69027,1.181303178,1126541.186,6.488195489
498.19289,1.173614455,1825930.741,6.543398902
498.10586,1.168266517,1770631.342,6.502804404
498.10586,1.167906087,1770477.193,6.502567653
506.54699,1.170911885,877177.6866,6.423066746
493.13501,1.16934962,1115835.507,6.377487047
484.44667,1.169116971,3647951.764,6.766320436
474.81196,1.170867045,1800264.885,6.606011571
477.55216,1.170394598,953540.5516,6.295987643
474.46251,1.172626897,1161702.033,6.594279921
474.46251,1.172626897,1161702.033,6.594279921
474.46251,1.172626897,1161702.033,6.594279921
476.5095,1.171587979,947464.4476,6.374512772
477.84772,1.166908707,849358.0292,6.551210766
474.83137,1.165663772,971121.329,6.529142707
468.17393,1.166713544,762652.6269,6.430091885
466.87443,1.167016396,1105271.14,6.520865598
466.87443,1.165166361,1103719.41,6.519375788
443.27919,1.171140824,1662308.71,6.455720648
442.3018,1.17553279,1161158.373,6.347464923
440.99279,1.177566181,790658.3638,6.451236137
440.15324,1.176210625,872146.5488,6.413005532
444.78148,1.18091842,1089165.368,6.373148719
421.30823,1.185120522,1122265.548,6.389461205
432.80758,1.179356109,906539.6198,6.236507779
443.2456,1.173295981,1071280.06,6.194766896
450.34217,1.173921089,737758.7371,6.26402196
451.17763,1.178355715,2664617.861,6.625961061
461.97709,1.179965909,5685815.94,6.795198329
461.21212,1.984569621,1561290.129,6.566659996
464.78424,1.669037649,813419.1871,6.177644097
469.48652,1.654114431,1062579.626,6.261228207
482.48671,2.541496051,1132215.493,6.548043792
485.33257,2.743804557,1293794.227,6.465310167
482.47103,1.631322252,2827766.351,6.831833026
477.23864,2.022756066,1177126.592,6.455380324
473.3981,1.573433707,1136598.87,6.409071434
482.3489,1.731790327,656705.8503,6.225402561
484.22393,2.166119039,584101.8302,6.148841041
474.84935,1.67689551,1047320.789,6.278464035
468.00352,1.386404312,373411.3588,6.128930652
469.32049,1.853905385,740020.84,6.4775854
462.09166,1.570391092,1552018.436,6.755848673
462.09166,1.570482833,1550512.262,6.755148774
462.09166,1.570482833,1550512.262,6.755148774
462.09166,1.570749313,1546138.265,6.753116239
462.09166,1.571146865,1539615.598,6.750085246
451.60479,1.237832854,1019863.512,6.099463223
452.22668,1.504465311,740695.8069,6.173844687
454.07305,1.715075804,680472.2287,6.386873121
464.88371,1.631878659,730375.1679,6.175338141
478.08558,1.706487835,1521690.585,6.501773411
473.17662,1.872953279,1287060.656,6.594192788
476.14945,1.870888684,1080993.896,6.424991713
473.21377,1.703262804,883477.4609,6.310846649
465.81551,2.005623666,873324.79,6.289568935
473.51367,2.010837533,983631.51,6.360148368
465.41087,2.043285414,1057028.522,6.482296571
462.76243,1.590887096,1131367.71,6.490098289
465.7444,1.765621843,1377485.895,6.68180866
476.9999,2.16156409,2255763.249,6.592121443
480.884,2.347928975,2180205.932,6.64186809
482.88281,2.194442988,3544407.945,7.021259405
495.13374,1.971609329,2057051.977,6.623977548
500.31104,1.845991311,2122466.277,6.676493846
506.57699,1.699558259,2465418.765,6.700756741
511.08902,2.275788489,2045105.79,6.58897418
511.08902,2.275788489,2045105.79,6.58897418
512.29747,2.347832517,2130832.101,6.519993072
516.40281,2.157218852,1873393.801,6.610698767
525.48925,2.996638124,852530.3975,6.523327831
542.02584,2.799709714,903406.9817,6.254563209
536.44318,1.657667578,1207413.689,6.364353498
511.97157,1.660924962,1701908.141,6.314960412
489.86095,1.868338425,1171804.534,6.114196504
472.85564,1.446526839,944939.5622,5.999009845
462.95978,1.189903303,1163276.826,6.09708489
492.01803,1.631990895,1139457.332,5.94099673
490.35106,1.45372504,852828.7809,6.10945194
489.19771,1.294798072,839015.5706,6.107614899
484.20631,1.222853268,1032727.304,6.323456985
480.27053,1.55563633,636013.3699,6.210772791
469.53324,1.321410401,818630.2019,5.986336281
469.46778,1.825719173,946772.568,6.210846739
461.68407,1.08168373,505594.2705,5.754129858
463.8967,2.158279099,232018.9578,6.091594654
450.02752,1.204156233,840500.1469,5.85798558
459.0891,1.003988166,682074.8074,5.972310837
462.59351,1.105933683,1003794.637,6.373179242
459.68593,1.312323028,505445.9468,5.929581731
458.17498,1.316938223,474701.287,6.262545744
454.19691,1.486311465,725896.4782,6.137444623
453.34694,1.512421404,829789.2107,6.243102798
456.66629,1.527271321,877363.3058,6.545885601
458.60111,1.921367779,1008375.537,6.345366536
453.35532,1.323256686,541278.4751,6.117190989
443.69197,1.508959136,547852.8708,6.131469384
429.57932,1.790614549,848972.1174,6.071569367
427.95893,1.166813832,1377448.882,6.210763665
423.48527,1.051832345,730101.0597,6.049719416
408.2259,1.123620229,976798.1347,6.022502537
400.45509,1.073861775,962622.8172,6.357973298
403.25386,0.814798268,811733.4278,6.226443147
403.25386,0.819665624,816582.6119,6.228200364
403.25386,0.825604429,822421.8039,6.230316333
398.80049,0.970430359,1644799.019,6.410844297
396.54228,1.162406398,1118364.659,6.372415733
390.00968,0.803226669,772211.6783,6.06507967
387.78346,1.077789888,626999.883,6.016071273
392.10136,0.919607219,789523.2269,6.026203993
401.78061,1.384166017,1407280.591,6.570204683
393.43396,1.182571129,1950226.198,6.2504529
398.75741,1.561130113,2009333.097,6.676174893
408.73311,1.746876443,601028.5666,6.341818064
404.28561,1.814781868,1447181.19,6.509912339
411.27281,1.347674284,1453826.401,6.608326011
411.27281,1.347674284,1453826.401,6.608326011
411.06473,1.401127785,955743.8201,6.639336712
422.14512,1.570441057,906026.4277,6.239906117
421.20581,1.568105275,941578.6341,6.423880677
436.86807,1.5190035,1104098.101,6.426094393
443.42793,1.985239065,987625.151,6.383304914
452.58725,2.206550962,1878858.881,6.485528123
437.99332,1.50470342,1302656.076,6.130273799
442.31544,1.681745959,842071.8368,6.337346281
446.83095,2.073821672,946579.8544,6.394586607
448.76879,1.976317441,919275.45,6.539774484
451.01955,1.489352639,965499.4236,6.41850751
443.19133,1.418657838,791159.1556,6.169885137
441.69647,0.966263068,495510.5736,5.867515563
436.99421,1.680014613,849706.5202,6.468573026
429.30448,2.330198617,836043.3793,6.27791363
433.38906,2.137629073,1040590.587,6.302952231
441.78332,1.784622189,907565.8967,6.445401291
445.75168,1.4239251,771381.3375,6.313975021
445.17351,1.682904798,1005021.494,6.228859705
447.60052,2.13759811,725604.7485,6.351208763
457.7008,1.691252639,1220286.487,6.340923231
458.74197,2.340404663,2634936.165,6.518830241
462.17045,2.010788592,1138021.797,6.431793322
471.29733,1.939843826,930339.4802,6.277050385
485.95857,1.899956446,1116565.634,6.572067581
505.07482,1.202144515,1738494.505,6.587310904
498.91873,2.16324425,1537152.479,6.500465471
491.14669,1.513044529,1273249.763,6.540230988
491.14669,1.51527536,1280113.689,6.539433895
498.2953,1.993751262,1136865.426,6.5074941
499.52695,1.950403524,1190973.785,6.620348503
508.96602,1.704718024,1666502.954,6.613764469
500.46247,2.228657238,1723451.385,6.67441843
500.54341,1.056153623,1047978.66,6.522684671
492.3235,2.00704203,1551756.06,6.865865192
502.83301,1.685471141,1273721.82,6.279051126
503.52916,1.213269934,1073994.424,6.377752799
505.59856,1.793970084,969943.6211,6.510846276
510.01569,1.768206222,449481.3722,6.165592553
520.87507,1.320421579,1548305.035,6.540151897
525.71203,2.862545377,1011211.227,6.581907193
535.04616,2.357349793,1384529.9,6.649408257
536.98858,1.915766186,1070040.598,6.503406395
560.77458,3.307387578,1645078.811,6.48485762
579.46244,2.444944473,2441533.28,6.910629831
580.0416,2.119970866,2089357.651,6.495366819
561.90659,1.555288173,1131665.419,6.43517033
573.71151,1.571992439,2660940.906,6.545927559
594.03503,2.260839312,1288027.077,6.528424451
591.45664,2.153337523,1205102.354,6.563400128
601.21705,1.592156709,2896330.688,6.436610934
604.29068,2.281730538,1746328.071,6.42088025
606.0034,1.267826815,1365623.981,6.297236873
627.83159,1.612241359,1020250.286,6.448765432
617.39289,1.74522311,1501969.622,6.349284053
615.65651,2.230011615,1215583.306,6.524690894
622.31273,1.635627265,1284695.757,6.375357886
609.08102,1.283781157,814812.1873,6.054116828
614.65723,1.611632995,2169944.934,6.735045402
631.43946,1.282598284,919655.9217,6.293500826
623.46949,1.226237623,965797.0226,6.484566358
622.1861,0.911757589,999296.1875,6.305819133
622.79071,1.830631919,964522.2366,6.290764848
632.29022,1.53125013,675754.4077,6.448432601
634.69777,1.063070501,1142696.522,6.531142971
642.29897,1.879008694,992789.4933,6.358835918
672.75005,2.165961384,1495216.564,6.476836648
685.90383,2.155833328,1089484.518,6.467071685
685.90383,2.156042026,1088302.42,6.466808337
689.52831,2.530045817,1028182.979,6.655814441
681.35207,2.181428505,1520397.858,6.666829876
699.68379,2.156542727,1315378.827,6.485767977
713.33208,2.453951748,1434840.772,6.612401011
740.12086,1.550840919,2359088.282,6.542767866
729.99675,2.215706355,2258263.297,6.622534271
692.82315,1.476268474,1412602.799,6.416616567
735.18528,1.764837759,1264363.012,6.491577059
715.97422,1.393305537,1057368.967,6.508048879
702.62113,2.203683958,2148475.342,6.619484878
663.80773,1.697825192,1522382.031,6.351373429
665.36442,1.317286256,1013888.052,6.185155855
657.93845,1.781674685,1094820.097,6.258963417
647.6225,1.567453574,999038.577,6.367910311
661.90364,2.000347816,806767.2006,6.267751647
703.64717,1.658111384,1007546.326,6.326925131
703.64717,1.657889269,1005613.351,6.326662151
679.09614,1.829548894,1387840.047,6.171640062
678.10215,1.380429367,1316952.32,6.335620109
693.04974,1.663434968,1122959.826,6.407993048
676.07192,1.561000297,827883.3462,6.150851986
671.4857,1.936207311,928262.7133,6.346493397
703.88842,1.856556296,1095442.791,6.467633887
717.87883,1.970330508,949047.2551,6.474952032
710.18559,2.162679125,1853821.753,6.560595171
653.73619,1.439804432,1842240.856,6.468030814
682.95898,1.38847963,1776344.606,6.353693356
686.5363,1.644823705,1135065.052,6.542169513
704.70404,1.794760353,582810.9479,6.089121916
704.70404,1.792189993,585889.0556,6.090831899
738.90812,1.446867924,3578784.307,6.543556179
729.08511,1.416288715,3308415.207,6.558671857
746.44945,1.553700121,1182950.39,6.421496068
741.35444,1.102772603,1279993.315,6.419522031
720.80383,1.383990575,3717629.706,6.556222594
682.97211,1.000958642,2439193.767,6.55294403
683.30564,1.521185119,1132998.751,6.50169078
679.98169,0.95458603,1752670.535,6.527543003
679.8879,1.114222182,1964318.702,6.660823234
679.88316,1.136519326,631045.7014,6.179957128
666.05144,1.274309795,1014802.038,6.216402823
662.076,1.092522504,1379843.402,6.273927728
664.28503,1.485662454,1010413.087,6.345596856
665.92051,1.02675923,746771.9074,6.26213764
679.78368,0.870809269,1893432.885,6.427862456
689.35848,1.390526599,1469244.622,6.173355462
680.70849,1.264325344,1405631.783,6.354418907
668.2172,1.572731427,1592937.983,6.269858899
655.82499,1.382136157,1474422.17,6.413837525
667.15472,1.412904994,1000035.474,6.321939426
667.15472,1.412904994,1000035.474,6.321939426
667.15472,1.412904994,1000035.474,6.321939426
651.45771,1.153663996,1821771.534,6.525496271
660.53913,1.566735401,1037337.852,6.030734372
655.85533,1.280335304,761043.4817,6.192916372
655.85533,1.280335304,761043.4817,6.192916372
655.85533,1.280335304,761043.4817,6.192916372
645.73917,0.997270233,473835.6974,5.935426888
656.01727,1.156614984,511387.43,5.99255249
639.84016,1.338769968,542736.7698,6.243115767
649.01569,1.223359007,660244.9018,6.086132859
654.97918,1.243557403,800023.1495,6.270724795
646.24381,1.233743634,878106.1529,6.196967799
654.44551,1.484513844,941377.8377,6.198837197
661.68369,1.424033619,650254.5787,6.266942867
656.87841,1.244167461,679428.0697,6.222784549
671.12661,1.216249512,899108.6138,6.236702407
681.10486,1.90054598,1461378.561,6.441996773
683.70608,1.391035181,1082915.972,6.247889307
688.8749,1.243338509,434122.3003,5.9365411
672.92351,1.330769543,1064743.772,6.059432024
665.98125,1.373325892,1464858.114,6.278963209
559.35472,1.493296902,2558128.769,6.505796147
534.84161,0.793169307,1779845.203,6.244632558
543.26023,1.206218661,979518.4618,6.116379378
548.35443,1.141587399,737186.4874,6.145076409
543.96017,1.399448565,986193.318,6.159963755
563.55348,1.412368348,1200339.113,6.197268321
576.92327,1.201198643,1895929.004,6.249034622
585.13144,1.320189379,1567918.23,6.300292786
592.54809,2.006904057,1498159.225,6.538124865
581.6443,1.509366687,1710654.361,6.134667007
576.46529,1.162865513,1432193.999,6.232055284
553.14943,1.159776082,1526641.022,6.045074075
532.01022,1.231637262,943647.9851,6.236124628
554.49872,1.555210185,999701.2647,5.943403182
586.39667,1.262639827,1440989.909,6.285437322
593.33547,1.574156036,995426.3929,6.264910978
616.0848,1.41105927,1237163.836,6.226994355
628.72697,1.484068089,331215.7988,5.884278825
621.09545,1.51107325,1375987.36,6.483329993
608.21208,1.69836132,1192900.257,6.310201018
611.15681,1.920728055,867690.1389,6.383158802
602.26827,1.61328154,1181391.039,6.343267274
609.34316,1.439260252,1547455.821,6.434257084
593.8137,1.624096308,1111273.024,6.323684959
592.00675,1.283405773,792262.2319,6.340868204
586.46448,1.386425791,1243920.825,6.480659078
589.19887,1.178293132,1016499.6,6.451333479
589.19887,1.178293132,1016499.6,6.451333479
589.19887,1.178293132,1016499.6,6.451333479
584.29574,1.061665624,537574.2302,6.079064176
603.09995,1.241193896,974545.5878,6.317779565
603.5314,1.491088995,845895.9157,6.232269786
592.8855,1.544998587,654123.5096,6.274675652
586.57868,1.445968914,584203.0162,6.326090263
581.77178,1.50543657,721805.0305,6.197211873
575.16509,1.73735791,917970.2076,6.187434453
585.47873,2.232520399,992558.6575,6.497834049
586.89102,1.767231611,593116.9752,6.278901366
597.09325,1.780197394,1358643.384,6.540461163
592.62538,1.599693269,1222608.337,6.478075338
599.97363,1.745683472,965231.3539,6.333901847
613.89408,1.985430846,930135.6288,6.345399817
613.89408,1.982284464,922699.0675,6.343519952
619.53462,2.07834586,1097699.81,6.47636375
615.96831,1.848670038,781410.4988,6.284312619
623.25672,1.580831964,1192983.743,6.515075018
622.85696,1.101418456,940651.8489,6.233845208
641.32944,1.304993249,1208019.399,6.480937852
650.13626,1.987882346,1203983.309,6.652456867
650.13626,1.985648654,1194860.608,6.651274111
657.98983,1.557260281,969599.5555,6.318279535
646.64625,1.813611829,1662203.417,6.626259829
650.74683,2.060888478,1278901.631,6.398119615
657.8779,1.450099425,1515982.631,6.466953553
657.63068,1.800183152,1090158.355,6.525338429
663.1304,1.785196249,490275.5628,6.291008642
657.36584,1.350088842,863539.8824,6.395198145
649.40754,1.214707498,551325.0102,6.090315397
640.6166,1.206409614,1235405.704,6.601462813
654.06122,1.520748294,563757.1656,6.047252279
654.06122,1.515723792,556921.9125,6.04389473
654.06122,1.515723792,556921.9125,6.04389473
651.37389,1.448354072,455865.9043,6.147673478
675.16029,1.657626238,829126.1465,6.33775977
687.34878,1.813829903,1207836.221,6.566439392
688.7632,2.05757657,881987.1175,6.458476231
668.14853,1.486780273,1143383.429,6.189560983
691.01157,1.198560621,1021329.737,6.204777515
692.54677,1.803589377,1074262.701,6.538629176
692.23646,1.332765783,773191.5378,6.044028202
692.23646,1.332765783,773191.5378,6.044028202
692.23646,1.319746536,752636.2706,6.035768112
704.61027,2.01702524,688039.7136,6.45194807
693.19543,2.10777459,1798376.71,6.517089425
705.71539,1.731146045,1265695.659,6.475635765
693.94167,1.861173726,1498974.306,6.675796559
699.19543,1.549197159,1224013.506,6.545404074
696.64469,1.86236879,821792.3675,6.581920023
696.88073,1.756323274,780017.0453,6.361643612
696.65036,1.539238597,1263094.735,6.576557894
681.07773,1.043861822,1167774.124,6.439272546
690.63329,1.259842209,1294132.361,6.560058267
717.40479,1.507005742,1546696.898,6.257761466
725.12343,1.268284744,1801336.208,6.428681404
731.41801,1.596358202,1456168.463,6.405229121
745.78615,1.764513033,1237464.72,6.638843553
752.67184,1.656075074,1515647.577,6.592952888
762.39242,2.096694425,667598.8673,6.315519046
762.81174,1.480449868,2503096.734,6.680694317
774.12224,1.425858611,1472342.589,6.495790515
794.49742,1.824547787,1412563.964,6.434608325
786.13421,1.703610234,1520441.172,6.496723498
784.71334,1.833154045,1323459.256,6.397662085
787.2485,1.080694192,1538775.011,6.454913388
786.49211,1.771034293,1122134.482,6.41585687
800.25111,1.597932898,926801.5813,6.286754768
802.02999,2.547697432,976092.8023,6.342690339
845.41328,1.407941371,1509714.875,6.404310146
832.66644,1.712298028,1861160.719,6.550331359
821.04292,1.741035485,2184207.653,6.626033933
819.28772,1.668728647,907274.2095,6.362284782
817.80916,1.604457593,1063909.043,6.508130015
718.70952,0.805521884,3663388.556,6.72753239
746.49951,1.162386927,3996824.242,6.55816313
773.84511,1.41711721,3492921.688,6.6653389
731.93004,1.310913282,2108943.788,6.576134439
731.93004,1.311637446,2117081.941,6.576451473
813.72836,1.157510874,3310962.307,6.6189861
805.90463,1.093533836,1318999.148,6.267195406
817.09522,1.280736148,1574152.048,6.484986596
797.02366,0.986240287,1453685.273,6.509084069
803.66457,1.422490127,1013148.478,6.233676805
803.66947,1.478494353,905820.8679,6.352967385
827.49324,0.504847734,1024077.559,6.374691386
839.30335,1.801732672,750323.744,6.377303958
834.6152,2.163713248,738473.9833,6.322174116
831.39577,1.142065709,220391.5705,5.707142895
835.70683,1.82249349,958650.4998,6.514743055
858.59938,2.489736879,1484577.282,6.86446201
858.59938,2.489736879,1484577.282,6.86446201
906.65746,2.186668986,2501000.642,6.884167742
918.52679,2.20097246,1874413.542,6.632794623
919.11876,2.364721357,2159214.071,6.574767132
893.47526,1.870886368,1241438.223,6.523280968
883.23295,1.966108444,1217406.248,6.559804628
859.16165,1.138725095,1378339.442,6.545266862
896.13065,2.321987421,2080214.552,6.773250785
864.94917,1.892216168,1962167.702,6.698632896
850.50225,1.690484739,2847787.132,6.77148184
828.88805,1.697741084,1269560.28,6.317353554
840.81807,1.734949957,931372.0864,6.42664881
802.95619,1.95425161,1702545.368,6.562964634
788.01134,1.503986358,1476924.289,6.32204594
849.98656,1.61027013,1706819.626,6.536130618
922.62711,1.712759766,2078121.803,6.554070211
837.89237,1.803526921,1955999.315,6.431688587
848.89617,1.216375925,1690886.746,6.349635038
843.27968,1.43560957,1029617.395,6.297210087
807.76187,1.933643207,2332012.905,6.753090115
815.39317,1.44162355,1381246.449,6.495419768
832.62873,1.535658193,1015905.64,6.234105357
829.06576,0.8760773,1176268.152,6.358681115
821.21538,1.771957442,1206348.903,6.328838995
842.41706,2.112145032,2372084.672,6.610868763
850.12815,1.499036998,2355436.918,6.481403489
828.30417,1.7951186,2366532.224,6.634047832
855.8353,2.749770534,3623178.973,6.757729854
855.8353,2.750114132,3610106.857,6.756632134
871.18933,2.131170958,2006774.023,6.603632192
867.1695,2.505085762,2994350.438,6.544278257
866.2115,2.301751434,2115228.008,6.786260307
889.51591,2.620852829,2088172.943,6.666385319
902.6034,2.36387044,2852657.814,6.650245399
912.83939,3.007862694,3048243.33,6.782462571
936.57063,2.222160176,3144103.122,6.529672729
943.87995,2.251573135,1751930.866,6.459460672
943.03519,2.253163713,3371461.234,6.722517735
954.28629,2.22767869,1469756.52,6.332821523
970.58544,1.981166509,4688807.889,6.7469523
1010.96045,2.511962291,5411974.325,6.772600401
978.17761,1.964443462,4067654.079,6.661630947
1009.73876,2.670701667,3164886.688,6.47509746
1041.15899,2.401156772,3894785.103,6.732744397
1047.12284,2.233879563,3952622.715,6.717748957
1060.46276,3.0528008,5112712.089,6.954734387
1080.5238,2.283977287,3439160.627,6.771340969
1098.49101,2.462314967,5505257.642,6.870375757
1086.59962,2.286511804,3788250.61,6.828577282
1137.25003,2.811700459,4339837.35,6.704173384
1141.38472,2.235925888,4230527.611,6.915086136
1143.40632,2.966793707,2968790.015,6.725557572
1146.01206,2.978657788,3085756.786,6.899672583
1200.98664,2.549075606,3572860.255,6.506547749
1205.54481,2.14892185,3898814.807,6.652871931
1229.03563,2.155543963,3602818.427,6.710717813
1223.53325,1.995258731,2991488.575,6.652082711
1261.54175,2.859849937,2818604.262,6.582167072
1271.55813,2.381162305,5381735.068,6.975559635
1267.20308,2.24537478,4886592.715,6.857674095
1163.39327,1.624477669,4833104.511,6.445293457
1069.55775,1.376255544,5414367.496,6.475866186
1139.99882,1.185154958,5098573.552,6.431106216
1080.45688,1.793809287,3784478.565,6.449029277
1070.11832,1.86517775,5127662.023,6.736865296
1062.95029,1.462410894,3778728.9,6.58031433
996.21185,1.65884305,3996394.518,6.571957039
989.47051,1.601248234,3527387.126,6.6163434
989.47051,1.598957336,3458573.044,6.616258073
967.05809,1.444657331,3274025.411,6.55489765
947.76146,1.187857756,3568472.057,6.653649341
989.22391,1.429361334,3101616.7,6.533170057
1062.02544,1.774737443,4460167.289,6.75844805
1132.38139,1.742863954,4251426.674,6.696174051
1109.40483,1.787555671,5735230.344,6.721997226
1081.77428,1.445961926,4039825.999,6.556656412
1054.53068,1.473345342,7469395.251,6.74024367
1081.01896,1.381623473,4168119.85,6.814692179
1064.78928,1.70886814,10539975.07,6.951786501
1082.11727,1.947761159,5979798.646,7.077854846
1061.76704,1.76577481,3583481.062,6.621495062
1098.15914,1.633825193,2734961.391,6.685293264
1152.66996,1.856887511,3285978.811,6.67625555
1197.99107,2.002948821,4425087.683,6.837179319
1160.78485,1.943007281,3844325.859,6.750202882
1143.07488,1.579246911,4348644.473,6.931636971
1143.07488,1.572463747,4367113.899,6.92697708
1117.97419,1.571009345,3707219.201,6.716848902
1096.16628,1.484145811,2731850.165,6.581451496
1082.61668,1.460640329,3097939.153,6.913142827
1062.71782,1.326667621,2707873.072,6.528218548
1049.53884,1.539090548,2398686.554,6.496502277
1028.30588,1.729607853,3567609.833,6.771774038
1026.88738,1.580831176,2157279.182,6.468671571
1042.58326,1.41877315,3308268.169,6.702945249
1020.07447,1.573419833,2189627.09,6.58435535
1026.54787,1.330254403,2918297.571,6.724228436
1050.72167,1.882769104,4188213.773,6.733064042
1050.72167,1.879351146,4162768.851,6.730652337
1050.81746,1.573365166,3617799.822,6.71765709
1071.8743,1.800511605,2626247.795,6.810507665
1078.22589,1.639263194,2110958.737,6.47211309
1048.67788,1.457137581,2651418.312,6.560219399
1003.00558,1.302353246,2339568.016,6.486104065
1002.06481,1.671820226,1916216.652,6.645693137
1031.94977,1.696339507,2458336.719,6.799258759
1022.76858,1.527329139,1840766.067,6.516641169
1029.58369,1.550266172,2045087.521,6.677849972
1029.58369,1.539949497,2047927.061,6.669982533
952.8202,1.398416445,4036238.513,6.778229612
886.65949,1.472584223,2977906.256,6.490785617
931.2655,1.417184134,4279290.626,6.841631965
889.86787,1.353194693,1779902.43,6.509977276
815.31301,1.108096798,2938280.741,6.407923406
818.69306,1.117600167,5772168.725,6.722683066
851.96676,1.529240291,4710746.892,7.003264926
842.85531,1.301359224,3113651.427,6.565308238
856.75918,1.283499827,2665813.966,6.897233608
872.43565,1.402684165,2287094.803,6.679305903
897.00246,1.378589154,3193553.69,6.87981933
897.00246,1.378589154,3193553.69,6.87981933
897.00246,1.378589154,3193553.69,6.87981933
897.00246,1.367712027,3177091.221,6.872866545
908.76795,1.169883134,2436941.835,6.636049878
915.82456,1.144241077,3357307.721,6.707662654
915.82456,1.144241077,3357307.721,6.707662654
915.82456,1.144241077,3357307.721,6.707662654
941.39386,1.023363597,2544486.384,6.645144923
892.89235,1.221337129,2687432.758,6.541961874
887.8874,1.344554455,2131070.433,6.555125739
900.16089,1.299981007,2056190.394,6.649546119
907.5914,1.598330018,3390468.275,6.743051438
912.8086,1.52168312,1741236.578,6.519959651
896.75959,1.315030615,2294326.171,6.668590297
896.50348,1.374929932,1826154.06,6.693430648
921.82609,1.567669436,1766117.639,6.61993687
920.03025,1.720956062,1540712.683,6.748834847
937.02287,1.640132556,1994849.53,6.827057461
936.61332,1.294971694,804864.6808,6.351202087
934.38894,1.493747347,1448091.771,6.532379272
937.52495,1.690404384,1174780.457,6.582112412
944.08945,1.805784922,1765164.782,6.826129339
946.37884,1.790750543,1189932.655,6.539966121
954.82151,1.469612183,1128715.944,6.643562185
974.62918,1.616546226,2275155.486,6.663661963
964.15612,1.452469487,2890681.041,6.698886155
940.68886,1.446190059,3030494.986,6.645135318
942.16331,1.58575237,3617766.476,6.792595682
947.68718,1.380396837,1769939.428,6.60147963
973.80592,1.643472265,3056554.777,6.782842383
974.03058,1.698306265,3021766.253,6.720184082
993.73953,1.940353171,1860495.523,6.757550805
995.36887,1.546913291,3185576.441,6.781912123
1000.51938,1.732792045,1434554.116,6.577580965
1001.84174,2.011205606,2388373.335,6.675147507
1016.65572,1.929678541,2161291.487,6.80595104
1034.62485,2.084980302,1994632.714,6.924766851
1062.08604,2.16846427,2486343.664,7.039359797
1062.08604,2.16846427,2486343.664,7.039359797
1062.08604,2.16846427,2486343.664,7.039359797
1058.59144,1.849875587,1588992.33,6.634306794
1057.63698,2.07330439,1769380.655,6.845174342
1069.76314,2.300981803,1665748.492,6.824216862
1095.41875,2.255403755,2187757.479,6.880693839
1107.23433,2.040951419,1222671.301,6.755739088
1101.48493,2.169780012,3900282.915,6.995326184
1074.50848,1.832662524,1665032.693,6.695046587
1100.89047,1.839881926,1526956.657,6.73332233
1102.53779,1.864940742,1324974.377,6.635657932
1112.06115,1.681567607,1215174.115,6.742086688
1118.00933,2.089181215,2914520.16,6.991289507
1157.78113,2.364116348,3022604.583,7.158054865
1162.34616,2.485281275,2657172.562,7.018356759
1186.5578,2.325242545,2748130.764,6.868391178
1169.34005,1.904766079,2322354.964,6.843817369
1209.64766,2.491768131,2069470.862,7.013813625
1210.70672,2.046570458,2669797.015,6.777084141
1238.76547,2.066599981,2484304.965,7.034666233
1307.74311,2.42531105,3366705.688,6.973262968
1338.60967,2.164958861,4289131.295,7.132597847
1364.7722,1.954980805,3398245.293,6.7923532
1358.5352,1.726908384,3523937.317,6.903272999
1381.24574,2.101839361,2872293.898,6.937809012
1381.24574,2.107006213,2869801.725,6.940200922
1381.24574,2.110004406,2868361.176,6.941583516
1334.43955,2.223008081,1941367.963,6.844827812
1244.64038,1.73541731,2135854.193,6.694752283
1266.65721,1.561913758,1589160.274,6.640361054
1298.08393,1.819756565,1802199.397,6.750530722
1274.55957,1.537608632,6262806.959,6.99821624
1292.76036,1.87930214,3966419.31,7.000763815
1292.76036,1.892449991,4054001.651,7.015048882
1292.76036,1.892449991,4054001.651,7.015048882
1314.79063,2.225097702,4488671.887,7.022477681
1300.70517,2.043571677,2687872.045,6.966098704
1288.16343,1.874565564,2760251.988,6.782787099
1286.73978,2.243051383,3336165.177,7.000265005
1305.85749,2.614611385,3662355.345,7.161423574
1286.54658,2.223495136,3669379.356,7.034263389
1292.56358,2.600267316,3207989.806,6.930726124
1280.34743,2.506777507,5674085.533,7.030793955
1273.46421,2.216954004,6061908.785,7.120914114
1256.60688,2.3523119,4566932.014,7.146451877
1220.28389,1.873918829,2778181.609,6.797807438
1189.21721,2.119596481,4351132.629,6.949276825
1223.41612,2.246118892,4333439.969,6.998454893
1259.73074,2.014719783,4939108.63,6.880387876
1263.02,2.114568377,5692490.824,7.23644355
1252.48524,2.010537915,4062563.894,6.804434592
1261.43453,1.891375845,5488149.014,6.913194952
1259.34804,1.718343763,3528825.055,6.934709083
1237.32009,1.695725828,1838343.661,6.753930474
1237.32009,1.695725828,1838343.661,6.753930474
1261.21373,1.819976508,2050275.921,6.891558362
1250.83782,2.161176137,4102675.85,7.015488614
1234.25126,1.997095038,4418888.516,6.855424803
1223.15502,1.770830797,2055012.067,6.738423726
1234.28277,1.95396499,1736257.672,6.816054474
1225.23703,1.811063862,996987.7436,6.63775976
1237.15043,1.881830989,1693328.215,6.83114356
1224.71029,2.452789156,2471713.818,6.907984706
1233.88794,2.043358715,2247727.557,6.909853622
1234.55159,1.992389949,2506095.061,6.906654983
1222.20187,1.86472116,3304409.51,6.723586113
1199.96317,1.96534997,3316238.258,6.85770043
1198.43827,1.759989336,2307130.458,6.829699982
1172.38941,1.778434075,1888105.733,6.82791473
1152.86792,1.639766447,1940420.268,6.789889545
1152.86792,1.629261102,1941575.794,6.789118617
1104.76493,1.964563743,2857010.401,6.739290878
1106.40313,1.707411604,1629298.058,6.827478112
1112.65255,1.623471728,1151709.392,6.687338033
1108.40285,1.825000898,1340705.596,6.725513476
1101.99982,1.622091539,1340441.565,6.694567766
1171.21276,2.016060299,2290605.22,6.772044029
1137.06772,1.635376262,1601073.287,6.64962128
1164.01607,1.815460969,1375936.631,6.812756215
1155.32385,1.550713344,1112881.149,6.592162036
1146.12988,1.52969928,877944.2647,6.590379889
1154.69597,1.914645819,1070564.885,6.788042829
1145.16293,1.766740595,1212052.619,6.674105996
1146.53622,1.782834689,906618.6451,6.49113249
1140.4969,1.743727479,1340041.78,6.847999407
1113.50586,1.979711038,1885798.753,6.922475409
1101.14368,1.84643695,2216692.67,6.637869387
1059.08116,1.949699833,4636095.521,7.153934588
1053.49282,1.753414934,4830697.127,7.111261541
1063.63787,1.89992826,3872655.512,6.987618963
1119.06817,2.198398943,1704579.994,6.913790379
1112.46704,1.30364821,1406137.526,6.6538503
1103.7833,1.485788991,1454605.17,6.823671377
1110.26814,1.614638885,2235286.686,6.803108206
1117.23059,1.490557913,2669853.151,6.877372087
1084.57273,1.377298138,3199602.193,6.878301842
1121.98392,1.588895803,2651656.394,6.87565154
1133.49611,1.650303729,1972478.606,6.653584605
1149.85928,1.490111523,1136017.287,6.600096935
1157.51206,1.655447303,1127921.493,6.345565349
1175.30614,1.45656795,1869403.341,6.759473632
1178.00895,1.560787994,2578645.481,6.624668359
1145.84014,1.453501374,1704281.44,6.673243397
1145.84014,1.453501374,1704281.44,6.673243397
1156.26563,1.50584331,1343280.521,6.702829195
1179.60903,1.712494746,1570590.917,6.743549994
1216.43635,1.615644813,2091632.86,6.875125943
1234.57341,1.871856947,1639057.581,6.772231043
1251.82799,1.979443956,1882443.823,6.86737759
1261.62381,1.443180134,2087594.373,6.737052245
1221.40453,1.467247574,2159505.338,6.773160849
1228.96514,1.637388149,1250116.182,6.579086542
1189.92499,1.36350961,2672004.477,6.792324587
1187.54351,1.400350186,1897174.222,6.789252476
1111.44774,1.037202665,2433136.708,6.625046798
1089.5963,1.029190307,2039509.669,6.590537341
1106.57176,1.166503173,2849982.399,6.75714117
1134.76642,1.28375498,2217382.455,6.76889322
1138.92476,0.940188448,1691624.896,6.534190048
1124.82365,1.081244754,907295.9137,6.392558942
1115.02202,1.101198405,1371703.269,6.665597815
1096.77868,0.963571012,1548699.239,6.675795515
1118.2482,1.245681906,1731459.875,6.619757093
1153.72611,1.165531584,1981148.165,6.621754631
1157.03275,1.38973013,1964648.739,6.757356887
1222.89461,1.328727512,2250547.723,6.62723085
1194.16585,1.288960387,1602790.293,6.688693225
1191.41932,1.214775268,950464.7044,6.516301135
1208.22514,1.319927244,1338794.775,6.481464917
1181.88665,1.203567833,1181425.95,6.395320629
1181.88665,1.200409013,1175201.909,6.390236589
1163.58779,1.226765944,1918679.041,6.720052351
1138.34567,1.273502449,2033254.884,6.772840814
1119.05575,1.282600634,1159698.824,6.649493871
1077.47909,1.272226625,2345364.081,6.953052467
1011.52422,1.05704286,2466822.098,6.704027279
1002.95457,1.00818042,1533909.316,6.44363017
1061.99767,0.985415962,1429699.458,6.571777591
1103.10561,1.091820316,3445297.795,6.740625366
1108.12402,0.943562784,2727794.799,6.666031281
1108.99368,0.941028245,2364917.138,6.540091447
1089.41947,0.929612427,1835324.226,6.579406839
1094.3773,1.024069646,2198567.383,6.610201062
1113.27843,0.932902261,1748109.296,6.643951461
1120.18266,1.109784827,1399460.568,6.611279865
1123.80538,0.909021902,426913.3178,6.255456854
1146.76557,1.176826842,1295590.667,6.739535743
1151.97837,1.068261621,2005652.078,6.69449484
1150.45847,1.09569448,3896990.131,6.917287305
1142.21421,0.873270216,2854852.926,6.564188822
1113.6832,0.864134943,1079137.445,6.276601563
1108.19761,0.927269228,1354887.06,6.506444095
1095.62591,1.008026321,1591673.668,6.622211625
1108.70998,0.99917166,1846236.634,6.627539939
1091.78615,0.951588187,2020147.653,6.564038999
1057.08242,0.979376646,1851607.77,6.639902535
998.36989,0.797131797,5554495.337,6.69706727
989.25741,0.794024697,3205904.778,6.574237237
967.96069,0.692912872,9336059.691,6.91329608
1024.6923,0.715009932,5629674.289,6.956150849
991.66093,0.802808109,1890538.609,6.564478543
1015.82307,0.753573213,1590861.475,6.698545005
1020.32709,0.840713753,1643168.094,6.645471726
984.76648,0.770019824,4680895.233,6.972488434
1013.91717,0.805745919,4186097.377,6.654462738
1035.71091,1.010488187,4951186.491,7.048628627
1033.57655,1.036119089,3539887.512,6.918928906
1067.9287,0.945676791,4150150.57,6.763674159
1100.10781,0.974424466,2541578.054,6.593977482
1090.41725,1.031095921,2034482.477,6.851221406
1090.41725,1.031095921,2034482.477,6.851221406
1067.60093,0.931261072,2269154.452,6.720932882
1071.44003,0.916701076,2959539.2,6.858967836
1088.71124,1.013036944,2816358.14,6.788120404
1104.55528,1.142973274,1901962.051,6.819259778
1100.80497,1.013726175,1250123.29,6.768622296
1101.54609,1.243479873,2340382.377,6.877779037
1086.29187,1.257902334,1808280.907,6.842056344
1112.60565,1.367957555,1751912.324,6.890810685
1148.32945,1.465422177,2294104.241,6.876583771
1255.55812,1.466543259,4426141.742,6.941817156
1259.72215,1.404585241,2289815.811,6.818719671
1361.51944,1.387319869,4285822.981,6.929917692
1346.47492,1.378798657,2640235.929,6.774458534
1374.8988,1.370478496,1969734.174,6.728459499
1368.8221,1.459068446,1596957.29,6.72933525
1355.12347,1.4495047,3489350.502,6.776097318
1374.19577,1.33923814,2334365.456,6.756778419
1385.79526,1.307043834,2596189.726,6.893165418
1385.79526,1.303451776,2577880.778,6.886317741
1391.92816,1.452483333,1574852.738,6.804511361
1414.46137,1.335368503,2046568.586,6.800253177
1441.32875,1.532518219,2576416.907,6.94077832
1462.24596,1.57696532,2905764.341,7.056656183
1471.29008,1.53353917,2220525.634,6.915304592
1515.26328,1.559722404,2362124.946,6.743603271
1511.48583,1.822949534,2658070.968,7.036164851
1495.14683,1.515295647,3229651.311,6.95737389
1489.47085,1.503989429,2271272.412,6.855433896
1535.71443,1.851762892,3784749.146,6.987247068
1427.46872,0.98847746,3160989.281,6.609532919
1391.95489,1.300635291,2940931.152,6.774096039
1351.85239,1.34530733,2519979.396,6.762604545
1398.78555,1.267697365,831794.483,6.44921132
1398.78555,1.258227855,832170.8924,6.44282964
1390.97103,1.20118903,2109310.469,6.722827767
1372.33983,1.152481261,1633184.022,6.747911049
1352.82131,1.198338865,865548.2691,6.619061893
1336.38403,1.317050699,2882649.972,6.907101685
1386.05,1.041418431,1237287.002,6.600328637
1386.05,1.032859734,1227090.544,6.592563502
1386.05,1.029269321,1222762.593,6.589267542
1419.42724,1.238003596,2020232.507,6.671917735
1398.62366,1.262452629,1203070.299,6.689789719
1360.68844,1.172289733,1196085.847,6.650063066
1310.32978,1.0123008,1317588.532,6.652431886
1306.38261,1.309915074,1502744.593,6.707436976
1281.8025,0.916027854,1245791.569,6.582538391
947.0924,0.92289719,906810.7664,6.501049605
909.37406,1.041400655,1414512.328,6.728083484
921.40914,0.915965089,1025780.839,6.458926269
928.30212,0.925854548,1169824.642,6.710481547
975.77527,1.062680216,1023560.443,6.72576895
975.77527,1.062680216,1023560.443,6.72576895
975.77527,1.062680216,1023560.443,6.72576895
955.29925,0.875410871,690984.3805,6.554954156
958.49211,0.874053845,456849.6414,6.317360127
964.72668,0.936383797,672711.8179,6.616030571
964.72668,0.936383797,672711.8179,6.616030571
964.72668,0.936383797,672711.8179,6.616030571
929.55951,0.920183847,937612.7824,6.601404641
903.18537,0.904040732,503999.0763,6.463160484
885.4626,0.863828765,749549.3418,6.624106745
884.79456,1.104791215,916227.8351,6.643506458
882.53557,0.939601299,823245.2941,6.497455031
870.80706,0.871276533,939245.7879,6.43215955
864.58997,0.945082466,2553018.673,6.637258964
841.31141,0.783876305,1258780.687,6.526523181
880.22746,0.778468074,888824.9093,6.489323195
818.66443,0.917388373,1140114.716,6.6492847
799.74154,0.892458474,532459.9771,6.28773065
801.74645,0.765958381,1073676.41,6.622601605
766.69995,0.737944494,1506898.613,6.521921973
801.35805,0.84441373,1070662.139,6.557656486
848.14527,0.878415259,1450995.85,6.660179587
849.62748,0.768392349,584677.3981,6.481192243
858.1828,0.950508648,1391186.642,6.74011712
875.40818,0.938943347,1025471.205,6.700113427
884.6865,0.989902693,1862046.95,6.832500542
915.83684,1.01544699,887994.616,6.586527407
911.41122,1.009207849,791548.807,6.634215225
895.24477,1.208390238,1057401.921,6.722221456
886.86604,1.092060578,946173.7171,6.588171693
905.95707,1.219857514,1735281.58,6.761110486
894.25936,1.25169229,891470.6442,6.783761914
894.25936,1.25169229,891470.6442,6.783761914
894.25936,1.25169229,891470.6442,6.783761914
906.56639,0.880402945,793807.4773,6.541846045
852.6078,1.085228284,1502585.233,6.857665031
857.64658,1.161328612,936412.3608,6.809327234
868.18594,1.106881563,432674.7625,6.537266128
877.71407,1.299857827,1008621.775,6.673864326
902.28361,1.50504694,1739866.029,6.877149469
897.17521,1.326676012,1397502.495,6.734582521
889.16675,1.269470487,911125.0403,6.796144607
916.38691,1.0866367,1979260.324,6.819810542
916.62529,1.122147649,1032055.844,6.746898991
927.24133,1.014912713,1602388.801,6.7668662
950.242,1.135158215,1483257.42,6.827254789
943.76083,1.040858576,1941716.095,6.864962086
922.97344,1.406733223,1437296.868,6.898028518
923.25141,1.285739525,1667422.475,6.850829839
924.74417,1.029481379,1404969.347,6.667647989
936.27327,1.14454354,4284107.154,6.9399357
912.87258,1.040894179,7274190.591,7.035103058
891.03166,1.174778087,2477681.291,6.929839892
898.6794,1.019529159,2645873.74,6.783546877
894.97554,1.048947226,2029606.147,6.879739051
884.50834,1.156183493,1881776.34,6.867519613
894.2116,1.010173402,2023592.715,6.754326384
873.41493,1.03505807,1051746.623,6.730404661
871.13965,0.908162733,2324528.488,6.852938681
890.02497,0.870286147,1180638.685,6.674666233
881.60536,1.049257798,4547864.742,7.026994892
892.52842,0.945600289,1066956.022,6.681583992
909.23178,0.761864139,1444891.067,6.775466516
911.87682,0.769476167,1492644.287,6.602399736
885.67368,0.618131838,1077758.532,6.671921688
885.67368,0.618145045,1077952.368,6.672049411
885.67368,0.618145045,1077952.368,6.672049411
897.50182,0.7454551,1950649.915,6.700033904
874.29015,0.850315583,1725600.908,6.788608332
877.21335,0.977845701,1988283.577,6.826573053
896.30533,0.897042877,1277205.036,6.824189508
900.35877,0.855616042,1124914.215,6.68364063
883.57874,0.830642284,1192030.613,6.464207985
862.72101,0.84921291,924298.1735,6.622867477
843.07587,0.846028535,1649379.356,6.929300649
818.24874,0.829987679,1036908.697,6.763916473
838.29795,0.87969007,1354316.792,6.865780619
826.36242,0.89100402,1367686.99,6.899049777
851.29487,0.899615526,2969084.945,6.863483315
904.85515,0.987698419,3486716.709,7.124864195
905.02929,0.883024536,2377898.134,6.86966592
908.32413,1.080195363,2090344.628,6.780308248
925.70356,0.9253586,1852535.778,6.724873572
962.63776,1.017824807,3019113.615,6.980750175
955.67392,1.147986949,1970583.32,6.922320826
954.39299,1.033458855,2004409.098,6.812361578
939.85375,1.155668847,2688119.749,6.988869416
903.7742,1.0484048,1103664.066,6.681605016
922.22347,1.114236841,1226961.971,6.761439348
929.92952,1.131043701,1522514.792,6.840405906
925.61839,1.170377491,4426042.866,7.040665002
918.66924,1.068352607,1557867.067,6.783734862
910.9929,0.997100896,1081767.282,6.69651306
892.62322,1.111267577,1949360.36,6.903819931
894.01505,0.979002876,1464822.861,6.769270995
908.00281,1.045380696,2320403.497,6.800504589
912.48814,1.066293018,1091770.946,6.821424466
912.39166,1.031213152,2793506.881,6.667311198
913.90256,1.131772335,1771623.907,6.994422546
921.6464,1.050948479,1372045.396,6.699828862
908.79473,0.99872784,1426644.895,6.780154449
904.76726,1.071734566,2155933.642,6.70263182
902.26299,1.049331953,872572.3242,6.697704672
891.38149,0.959986936,789635.8291,6.631256703
884.89637,0.965786675,1679324.459,6.700519774
875.49486,0.971422435,2220475.513,6.92022894
880.96201,0.969298567,1325498.315,6.70646425
879.03813,1.007772256,1206322.106,6.934536676
869.77843,0.972545607,1117402.503,6.695684392
869.77843,0.971938223,1116478.436,6.695171405
902.29019,0.970846538,920899.8353,6.636235682
912.91963,1.087420166,1097950.975,6.739215031
915.91196,0.95032394,512239.5446,6.368243262
911.07619,1.525223905,1133977.467,6.652276875
908.42896,1.044282893,1329904.21,6.61994944
914.03562,1.207575735,988800.7005,6.722996294
920.58446,1.208161772,702454.82,6.627955257
927.68085,1.185630247,994642.7319,6.797306897
949.42283,1.271982082,1298104.531,6.920502018
962.01612,1.442654094,3639280.129,7.099102968
955.80079,1.358215113,853661.5549,6.808152456
953.16113,1.46799401,1223804.462,6.845919376
949.76087,1.548993144,1112686.57,6.669786929
948.61002,1.359425,1897863.043,6.806179302
950.49316,0.998920977,1003964.825,6.770804482
938.52833,0.862763324,1818023.689,6.789419642
938.52833,0.876476699,1858705.676,6.804748101
938.52833,0.884193148,1881042.42,6.813164303
960.37992,1.052767039,4087696.866,7.123949919
958.21199,1.079970341,2161671.736,6.965505364
970.48753,1.15858467,3209867.941,7.131041446
915.84486,0.992797214,5417422.337,7.177563654
896.83931,0.938077954,2343324.128,7.067507099
924.34347,1.33955642,2561588.858,7.06743691
951.09689,1.497664693,2683964.095,7.097710117
953.9581,1.539295154,1304737.759,6.841959754
967.28056,1.757614306,2877628.586,7.072334898
983.15162,1.423480007,629330.6214,6.583423551
970.05391,1.407153077,3335151.405,7.082228556
975.9836,1.486892438,2162661.997,6.870297755
981.09164,1.469262313,1726484.613,6.832746473
981.09164,1.481921542,1749571.92,6.839314937
984.95242,1.53788404,3350045.041,7.122084527
992.63718,1.515574776,2810302.795,7.007951317
1003.39346,1.333808206,1428807.126,6.868999837
1009.59169,1.469393962,2781546.043,7.110302703
1001.50911,1.452539633,2306191.888,7.082648396
1004.36358,1.477743775,1693225.193,6.830303596
989.40847,1.77822947,2272129.536,6.959469061
1010.98107,1.492950834,1074077.171,6.745489577
1000.62203,1.493737857,1236936.924,6.752427088
1008.24005,1.434667885,1253805.621,6.862594192
1007.78449,1.593062094,748508.2181,6.704059352
1003.43941,1.524329867,989644.8969,6.890241521
996.67582,1.584932155,870708.3049,6.652282314
987.19579,1.757445026,1071077.736,6.827693474
995.10086,1.5796381,4675669.61,7.032311415
984.67005,1.550199941,2052808.115,6.97569423
972.66267,1.524553053,1323141.353,6.634863208
989.46808,1.255110469,1384893.264,6.678498011
993.68853,1.381980843,1214623.396,6.812180686
983.09014,1.502166592,680537.3041,6.695503706
979.32611,1.500136806,1007631.597,6.792195001
985.23855,1.52371895,1466529.986,6.918159868
985.42572,1.450887796,1033936.004,6.739736623
981.64561,1.577495151,969692.5836,6.837613345
969.05237,1.563627703,2481032.89,6.986114271
969.05237,1.574932114,2511155.475,6.994700491
951.96559,1.720155144,6304962.098,7.275079249
958.61989,1.577186776,3851458.468,7.107274429
949.33164,1.486805519,4173784.888,7.234854798
954.60873,1.959143276,1569511.114,6.972554283
962.96655,1.764345386,1491297.108,7.021570348
988.27996,1.599050155,1361401.992,6.853136504
988.5174,1.358568656,1308865.852,6.907041557
992.35725,1.463911623,1100231.255,6.958930574
980.0067,1.337909353,1470739.524,6.794085214
976.18322,1.71396538,1997799.675,6.923363317
967.77664,1.81217938,1032400.46,6.795700418
970.91257,1.458005361,2083761.906,6.865447412
981.96998,1.548751781,848250.1563,6.772283294
983.68463,1.538810014,1602544.963,7.005615335
973.30731,1.684187367,1032665.623,6.733910297
993.98111,1.709719226,1333565.22,6.963371571
996.76057,1.800751286,947407.2097,6.970710037
993.4442,1.782028593,2515957.832,6.993567982
971.40268,1.758337195,2450016.755,6.920454592
978.78343,1.752333705,1192492.387,6.940582482
963.08244,1.319144461,3425461.485,6.928310543
960.51579,1.593065331,2171351.961,6.880966156
972.40081,1.892883494,1402029.027,6.861085781
971.6072,1.178348113,690745.5206,6.756884068
984.45514,1.715763959,847142.5531,6.652965614
986.21773,1.603688815,1321251.929,6.865408738
999.70861,1.540851595,1624502.226,6.90756956
1025.48247,2.086389916,1187992.355,6.931955295
1019.62197,1.754663546,1085473.894,6.73268755
1016.78505,2.031431405,934038.7307,6.868631743
1015.93201,2.059261491,1619784.058,7.016996098
1028.4344,2.044157159,1923366.142,6.847307714
1030.32946,1.886973019,2431050.879,6.977308356
1032.40457,1.720697544,1143586.134,7.017999651
1043.10162,1.982411595,1671885.366,7.129473349
1047.17832,2.068172385,1040607.963,6.869461751
1051.24337,2.408925437,3397162.495,7.091518465
1044.96548,2.534110455,4906899.201,7.244049016
1041.89453,1.958290461,3696038.394,7.093372171
1041.89453,1.969244806,3738085.256,7.100668582
1042.88358,2.160934632,2283385.747,7.153195949
1050.34408,2.004427108,1069990.085,7.043614434
1046.24216,2.16984881,2587834.064,6.944975799
1054.90954,2.536950995,2926838.422,7.081165801
1062.59821,2.965235907,3172706.227,7.114089365
1069.13546,2.826938842,6951040.764,7.534550544
1085.52189,2.495877032,3109177.598,7.183352062
1087.48838,2.058678471,3720538.888,7.081761672
1096.26859,2.134516679,3118905.045,7.234219285
1102.80683,1.941308747,2400329.857,7.128268849
1100.32651,1.572626754,2476835.598,6.889015766
1084.32528,1.849028039,1716803.442,6.933166659
1080.03627,1.872761806,1076933.196,7.001948029
1069.33379,2.025146912,1111506.01,6.731831207
1058.76584,1.587570572,3565289.022,6.927121066
1037.92138,1.955598892,3633706.154,6.893834213
1022.71362,1.918869512,3679400.264,7.054146243
1014.97052,1.659978075,3212790.376,7.004788266
1020.86035,1.140825807,1351599.678,6.834775216
1043.3854,1.804911358,2410457.456,6.957331775
1041.39179,1.879929688,1841245.903,6.904373812
1031.88283,1.463134278,2879935.479,6.927924546
983.08505,1.576972024,5112956.33,6.974987132
936.67107,1.24331918,5315248.217,7.135104436
911.30978,1.5273184,3387569.441,6.929958339
965.48065,1.675088493,2622494.938,7.022111142
975.26221,1.434008193,2570638.168,6.934171558
978.39121,1.488701067,5813755.344,7.068431066
971.81765,1.527753588,1320444.854,6.807015364
1001.25156,1.663560557,1654742.578,6.911471597
1026.6576,1.914887612,1684062.301,6.891676226
1023.78018,1.545060193,1151643.861,6.706196923
1024.81855,1.901673587,640074.8919,6.806694655
1013.47932,1.556236595,1060234.592,6.663833931
1013.47932,1.56085747,1064166.32,6.666978098
1000.53842,1.594727649,1643447.805,6.776680998
991.34955,1.83897753,3186307.476,7.024301017
968.76356,1.977859515,2996969.609,6.916143462
952.8784,1.720592351,1481106.785,6.775792485
962.20654,2.254513227,1350890.734,6.739667322
970.26329,1.944345387,987261.7046,6.682463709
962.64866,1.862817781,1203244.008,6.889873328
962.64866,1.864073484,1203904.917,6.89044589
962.64866,1.863119885,1203403.095,6.890011148
951.96595,1.81472655,1698929.196,6.948069142
959.86485,1.940395501,2132617.48,7.136432632
951.1308,1.295103652,1694720.213,6.822184887
942.36009,1.827803244,2059812.749,7.136705633
937.38739,1.756078335,1981341.642,6.974872181
908.10175,1.69959857,1673643.026,6.801127634
910.23574,1.628315843,1132969.205,6.906800299
947.53464,1.640068671,1545173.34,6.95404237
940.89692,1.485178624,872416.9816,6.698967567
952.25823,1.133392435,549555.75,6.5085025
922.54545,1.461832706,994606.3072,6.498288152
950.47968,0.832509772,847369.304,6.596427173
943.6149,1.11730215,781320.2763,6.628136726
957.74418,1.407489261,1233235.218,6.766079296
957.74418,1.407489261,1233235.218,6.766079296
1005.57055,1.941580045,1058655.99,6.671073999
1018.11669,1.580451876,2329818.564,6.955868762
1021.76246,1.953146528,1365175.733,6.995249672
1031.44409,1.973131888,2056160.103,7.062633206
1050.14802,1.79764315,917609.7428,6.739418398
1059.06227,1.776870602,1472833.83,6.869457553
1080.79788,1.944779327,1945194.686,6.823471753
1054.72655,1.975142423,3004361.972,6.859957251
1060.45273,1.93429702,1940421.26,6.866316739
1081.58215,1.954050938,1245878.407,6.911108714
1086.31095,1.839517847,609313.8536,6.557084255
1078.0188,1.839211163,1020132.116,6.648588009
1073.08987,2.210101632,1151443.392,6.834344659
1062.14607,1.841567997,1094634.343,6.681685144
1087.88648,1.856344308,976371.545,6.842870587
1114.55595,1.963441729,1619652.046,6.858726509
1109.84268,2.385071379,1556716.165,6.748237649
1113.43848,1.988994056,1883884.148,6.917456824
1102.66122,1.974687436,1103453.738,6.743930157
1108.02339,2.318420915,724777.2525,6.700106796
1084.59867,1.86720099,1769512.994,6.767690348
1107.39967,2.178537012,2974725.127,6.900991198
1123.84672,1.946551029,1645804.54,6.714163343
1146.39614,2.008312787,1461877.171,6.827382367
1135.20067,2.232483955,1886284.732,6.947515614
1130.74499,2.301432793,1550254.187,6.899539212
1136.42914,1.380659745,1417726.493,6.885058038
1131.63817,2.331585782,2616741.755,6.923580072
1148.30387,2.193383254,1621056.815,6.912071471
1164.59345,2.222085494,2065027.24,7.06771102
1166.88749,1.989498294,1424520.188,6.869645029
1170.78907,2.362555205,2114000.381,6.951916029
1182.98189,1.915712701,1324383.611,6.933816863
1173.60814,2.330990847,1518079.539,6.822092517
1163.21457,2.209531012,945850.8621,6.908582103
1184.3846,2.648295427,986568.7902,6.720336536
1190.71241,2.450064747,1671152.481,6.938662112
1187.9481,2.232388427,1307824.175,6.757090615
1169.2973,1.918453006,1257318.289,6.646397222
1148.48912,1.980786863,2076131.296,6.839616964
1148.48912,1.980786863,2076131.296,6.839616964
1148.48912,1.980786863,2076131.296,6.839616964
1162.85131,1.595238351,1441717.412,6.682750908
1146.33846,1.723399943,2842052.124,6.799526896
1162.43418,2.063657641,1400246.671,6.943218883
1157.20313,1.756188116,907647.8195,6.664387603
1151.61639,2.072936601,1006352.769,6.920452029
1155.13659,2.092055899,3078463.003,6.874265704
1138.8718,1.965864814,2710394.054,6.941043316
1146.46427,1.816028534,1297829.404,6.859819809
1161.23439,2.051265762,886654.82,6.730080721
1159.23449,1.807557206,2016233.355,6.885825257
1171.91312,1.874453514,2034753.541,6.796025541
1192.89689,1.832170858,2148903.714,7.069262414
1182.7637,1.537364695,1821182.63,6.879032792
1197.33866,1.128520946,1242628.29,6.745947807
1188.86367,1.286512203,2332394.233,6.843036474
1191.05477,1.301762222,1329413.936,6.940114596
1197.22114,1.522207193,1248134.4,6.777300001
1197.22114,1.522923884,1248479.185,6.777740651
1202.45082,1.613240036,1341279.818,6.743759456
1217.36062,2.013034639,2345875.683,7.085125639
1232.50712,1.486509437,1705028.276,7.004463501
1240.14662,1.74749599,1048764.757,6.87475811
1240.51104,1.454092511,1425659.456,6.888798601
1259.72718,1.705080552,1419301.257,6.92415768
1279.92907,2.324324163,1606625.918,6.948225914
1275.70378,2.071462748,1703542.153,6.74548779
1279.89682,1.811436494,1271082.212,6.728151182
1278.03013,2.406836193,1679898.818,7.01668478
1294.30967,2.241181444,1301862.305,6.891191177
1304.75832,2.307888593,1550926.603,6.990643092
1300.06637,1.929683511,1146072.073,6.819264609
1300.06637,1.918694532,1151597.85,6.81570288
1300.06637,1.918694532,1151597.85,6.81570288
1299.52046,1.909919555,1011867.989,6.743858936
1295.39899,1.982231436,930562.0834,6.800262769
1273.14362,2.09622321,1704970.51,6.824794406
1284.02377,2.240159479,1541013.524,6.863808949
1291.61542,2.26811146,1789322.777,7.078422538
1313.88792,2.40505782,2191174.322,7.119473592
1313.60184,1.907916784,1362329.98,6.909914159
1299.94891,1.896713058,978172.2801,6.715696295
1298.35653,2.331884805,2713070.04,7.137542581
1308.43539,2.180110971,2718388.117,6.995251329
1308.43539,2.180110971,2718388.117,6.995251329
1328.36831,2.419560141,1190019.556,6.93103195
1334.87593,1.678153599,961051.3558,6.896070881
1316.73759,2.465162121,1456088.714,6.882944218
1322.3899,2.60276914,1167104.885,6.895047774
1312.27353,2.20183152,682926.7008,6.631588115
1303.52641,2.094532577,1471117.406,7.040702579
1322.61011,2.631499144,2303050.003,7.093726282
1325.2727,2.274615728,1146202.571,7.009710122
1326.20437,2.543635765,2839710.227,7.208527553
1320.70303,3.199705084,2011876.865,7.226125003
1323.95426,2.299582874,1233899.344,6.843760693
1315.6466,1.999059495,1153671.891,6.948081444
1260.80417,1.598782557,9141220.181,7.168648193
1297.82168,2.076228725,3329180.789,7.145695275
1278.88616,1.881141922,1520376.175,6.894603707
1278.67655,1.581692039,1676186.013,7.101149708
1285.76068,1.501816585,1254322.73,6.825156575
1285.76068,1.494785536,1249554.276,6.821174783
1327.6051,1.214381569,2042000.827,7.165669866
1349.88611,1.259417594,1325049.681,6.72254164
1338.68012,1.500852868,1508171.905,6.97558078
1339.38009,1.348016444,1671510.898,6.984988847
1362.25617,1.719785334,1560840.861,6.980599497
1350.08042,2.407882176,1429629.388,7.058254587
1355.1922,1.522171288,1311827.605,6.982603237
1351.10573,1.376144419,1845483.981,6.994063024
1346.04625,1.657483188,1143501.231,6.796964197
1327.55401,1.737382637,1147243.918,6.898936332
1310.87123,1.619599117,1052904.695,6.811542544
1279.33568,2.018703108,1217245.882,6.705829515
1296.12521,1.60592208,1015828.654,6.704314703
1288.90682,1.288941913,1083873.245,6.728875737
1269.2567,1.7302757,2052098.003,7.055569237
1283.14647,1.807403311,1426400.918,6.983316482
1302.27578,1.850126727,1678060.663,7.077380514
1302.27578,1.845927492,1679635.599,7.070823281
1222.90971,1.557224027,2867484.972,6.898177518
1253.70206,1.646136126,1257102.753,6.893514473
1261.1571,1.337583903,788017.4943,6.728209494
1264.76654,1.513080535,971449.5886,6.753925741
1250.68628,1.145731572,923156.9916,6.69169261
1261.84311,1.327356443,983535.7733,6.726977046
1255.14868,1.081286362,626534.9824,6.603192898
1274.82634,1.637456563,2671060.999,7.134426998
1290.86539,1.556042842,1154291.955,6.889593013
1281.66422,1.087283483,511389.1045,6.657999032
1269.32015,1.492860996,1362078.516,6.831105742
1258.54343,1.265765181,1223616.207,6.776046859
1252.35811,0.937672955,1023102.79,6.869305557
1244.37271,1.466784393,1056695.909,6.845372478
1251.32723,1.316885254,1821068.303,6.895466317
1256.83622,1.463016345,2132468.132,6.942678971
1237.73099,1.334600806,1166516.723,6.813833664
1239.21734,1.356266126,1515508.271,7.10811995
1199.75892,1.586181757,915399.8725,6.753197238
1171.76158,1.74410467,1577672.673,7.048062943
1176.6713,1.614425057,1192664,6.9213079
1188.07969,1.592662129,913573.4446,6.847424279
1173.95681,1.882333297,1146671.026,6.929845108
1147.52181,1.652549884,999745.5263,6.760985394
1147.56136,1.921830607,1018233.692,6.912408388
1145.8608,1.487957793,577037.1477,6.714546898
1142.23596,1.790815179,905544.109,6.901020413
1152.02166,1.919008295,1406179.123,7.018076455
1151.87177,1.977980325,917341.9245,6.732888355
1156.66771,1.751926759,1255767.833,6.973812296
1171.11943,1.944365407,1592162.01,6.892769448
1169.14719,1.96004697,1378231.128,6.981092657
1164.6685,2.212355785,737493.0509,6.849015112
1144.03971,1.654409315,898349.4394,6.808311616
1131.45409,2.055638222,917453.4699,6.850154649
1111.00799,2.071436763,1152706.522,7.002897592
1130.42424,2.032814957,1767497.398,6.873081717
1161.73968,2.112964783,1541265.318,6.983644843
1266.39739,2.329595656,3077141.854,7.121567044
1284.62509,2.467055434,2526701.288,7.296475408
1285.75246,2.596940086,1371520.553,7.127654668
1267.81473,2.700566366,1306522.826,7.0433348
1276.27226,2.604681133,1501296.004,6.87055241
1276.27226,2.602882176,1498756.021,6.869835734
1275.09508,2.549733188,1207860.239,7.148548885
1295.74832,2.456416344,1338352.926,6.924696306
1309.83575,2.608577189,1285092.985,6.974421041
1310.18387,2.806596472,848485.2232,7.01249361
1312.93165,2.663715589,1096507.731,7.044467854
1301.88677,2.520238689,1058517.036,6.909424552
1303.80865,2.12963578,831203.9489,6.7242236
1310.33142,2.380679049,2341940.782,6.96873397
1320.46417,1.937829789,2223752.434,7.016206459
1320.81969,1.169342,413642.4979,6.683137961
1334.42466,2.497651131,2137111.15,7.139274888
1340.55914,2.965449747,2249343.148,7.168151723
1347.99844,2.71541416,1833869.111,7.2138706
1337.77622,1.613986993,1102462.237,6.85882714
1339.42601,2.288383471,1176965.937,6.987141998
1316.23754,2.017352324,1400922.885,6.835125146
1334.49426,1.17130084,1376294.299,6.989142928
1330.45931,1.685363972,1207286.981,6.900321016
1331.83403,1.640206405,1032389.002,6.942575646
1337.69981,1.323272876,967181.9462,6.840194988
1350.54441,1.424245199,1015946.676,6.92089346
1354.23534,1.963552738,1775133.412,6.875965618
1362.28645,1.787961462,1035434.441,6.943755604
1384.40049,2.131189153,1231849.879,6.932575622
1372.14858,2.722293817,1608491.862,7.009984182
1369.93173,2.839452764,2363483.237,7.153669321
1381.10275,1.860228161,1548158.866,6.779668508
1404.89664,1.915209015,1243494.379,6.905950358
1453.02311,2.228188915,1779801.184,7.06964563
1459.6105,1.804892151,1994119.31,7.058865947
1477.38724,0.324318063,2163984.764,7.017102044
1473.70571,2.233141268,1326121.12,6.845174658
1505.49868,3.109949903,1879467.804,7.231043749
1486.95597,1.671861065,1011437.559,6.841298143
1490.6144,2.25967508,961540.3591,6.82665004
1508.65607,2.730889752,1333173.354,6.963282384
1497.51134,2.739264256,1565790.31,7.074550808
1510.87913,2.406011346,1115620.003,6.973816282
1522.70257,2.540918248,1053435.163,6.993331078
1522.70257,2.540889077,1053435.029,6.993326534
1491.23887,2.113604493,1442882.464,6.831676221
1472.52105,2.674944142,2330967.22,7.214643618
1501.47371,3.070856026,2903735.009,7.327377189
1507.73773,3.180884959,1965021.852,7.249368832
1574.63439,2.169154291,2360837.7,6.998955004
1574.82184,2.67927506,1913156.552,7.027084972
1564.38715,2.021901627,2180160.889,6.9164731
1558.70731,2.216723168,1275064.725,6.907794195
1521.38361,2.261927208,1576885.412,6.953429809
1514.39319,2.507104539,1981359.451,7.024892322
1550.74386,2.000751012,2343840.191,6.892369148
1557.01676,1.759047605,1445499.924,6.916594943
1557.40491,1.72054861,2355395.972,6.902032169
1546.33736,1.411112765,1362488.88,6.825077378
1546.33736,1.406379142,1355236.934,6.823930725
1554.12919,1.705363867,1669880.912,6.798941328
1563.07674,1.260456035,1324054.59,6.809824732
1559.19417,1.409148772,1489795.843,6.781970045
1510.19468,1.396517288,946378.3935,6.539841359
1489.32599,0.733926091,989133.2994,6.651136766
1433.81956,1.30576673,2540693.353,6.755765854
1476.35045,1.364011799,2584043.273,6.782335364
1538.49846,1.36436106,1572472.705,6.80252157
1526.06159,1.276932697,1104159.987,6.568418708
1526.06159,1.276932697,1104159.987,6.568418708
1537.23057,1.348925001,1231651.417,6.627507171
1544.96245,1.462576024,1159098.154,6.764819691
1546.15867,1.277187912,529184.9789,6.500599929
1560.84665,1.575433929,929589.2435,6.699036947
1541.74163,1.361476421,981714.7284,6.729708836
1521.42454,1.115164315,946106.7518,6.735622671
1520.1533,1.075787161,910971.0059,6.675078836
1530.02912,1.172569706,803689.7298,6.573074069
1537.97996,1.22224192,802153.4807,6.597993833
1519.22678,1.525465731,1104460.394,6.654799619
1508.56964,1.533431178,1095010.306,6.61462466
1515.30505,0.988916993,1323442.265,6.653045136
1538.85278,1.103954348,1055981.99,6.596284971
1538.85278,1.103917138,1055728.037,6.596241407
1571.89034,1.790619641,1600930.5,6.9290335
1563.43423,1.719775603,2319387.108,7.202670477
1550.37073,1.450516403,1969329.629,6.811581648
1544.94423,1.385257375,1645756.676,6.839835615
1531.07233,1.392675023,1732829.753,6.998827233
1532.20845,1.88815363,1600806.539,7.013104126
1564.53175,1.750612542,1542426.047,6.809979764
1575.04717,1.995654383,1666481.624,7.068482384
1579.5407,1.698908467,1741906.983,6.844646797
1594.93354,1.500393388,1656095.585,7.050481325
1594.93354,1.500393388,1656095.585,7.050481325
1579.14335,1.814355053,2237834.456,7.039054286
1569.11196,1.714080898,1791933.603,6.956738943
1550.24609,1.535897404,2270173.089,6.961264181
1602.09463,1.527205167,989228.8551,6.738778864
1602.09463,1.527205167,989228.8551,6.738778864
1679.15304,1.435270112,1405680.37,6.855357066
1691.40377,1.095416787,1655563.073,6.80093546
1698.7545,2.466718605,2537272.416,7.041724999
1684.94371,1.925674171,2244463.295,6.972072831
1680.22559,2.109673884,1963408.379,6.93676242
1681.57186,1.957111673,1686557.077,6.914000342
1684.10352,1.541173158,1054989.064,6.63161972
1698.16721,1.627356447,1555222.857,6.761829546
1735.34276,2.186667217,1497970.839,6.832949503
1780.41366,1.716380446,1240370.657,6.667944412
1762.0575,1.951458071,2276717.717,6.953817218
1768.19255,3.137893093,2763293.948,7.051820249
1793.44959,2.12789428,2411308.064,7.071545559
1757.17385,2.896562769,2489221.698,7.11117567
1736.78157,1.917287225,1942049.19,6.946103663
1736.89261,2.348571724,3409329.247,7.218600784
1754.19339,2.616408774,7071704.46,7.043984948
1772.80671,2.063690688,3454897.88,6.952866825
1769.27723,1.194593341,2563262.06,6.841150336
1755.29034,2.235230697,1945322.107,6.810863015
1727.02131,1.532713976,5460574.927,7.019841307
1768.4937,2.196685218,1929075.083,6.899774876
1774.17739,1.665842317,1894668.833,6.813817155
1655.70725,0.883417673,2421803.168,6.619351937
1578.22338,0.857582536,2736031.46,6.79077554
1588.65696,1.345183668,4048663.82,6.824623976
1585.68315,1.702747561,2126713.48,6.679107919
1531.83398,1.317551821,3855704.052,6.917528092
1483.55261,1.339816324,3537041.762,6.797232889
1483.55261,1.339816324,3537041.762,6.797232889
1483.55261,1.339816324,3537041.762,6.797232889
1565.33398,1.509186947,1864526.712,6.65902146
1614.09595,1.657530343,2527917.697,6.80665705
1637.55836,1.208299471,3514657.909,7.034167313
1653.01428,2.133023731,1059288.224,6.674857609
1632.43815,1.681416237,1970299.148,6.836504014
1637.74541,1.778437222,1672502.767,6.996788809
1634.73929,1.239617029,1472468.059,6.839013126
1607.29493,1.843026103,2184834.041,6.982513118
1590.79826,1.601166665,2603189.607,6.942939282
1565.83803,1.208488382,2438063.973,6.934011442
1598.27458,1.644547279,1552546.228,6.704812984
1543.35624,1.707181076,1827379.889,6.736665782
1524.52152,1.261604806,2750831.333,6.877308881
1535.78313,1.968666848,2923773.417,6.837141785
1566.62927,1.390678778,2914587.636,7.057748936
1557.28157,1.368182828,1714055.542,6.721670969
1564.80873,1.778518819,1457175.473,6.735951012
1590.18227,1.45863658,1511543.165,6.926189077
1599.51233,0.948958606,1755984.458,6.995631704
1588.15302,1.025355452,967329.1265,6.57738489
1576.14049,0.944523419,1028490.928,6.748488985
1567.57019,1.470981568,1549103.703,6.772433359
1566.47841,1.312760742,1151143.925,6.740226158
1523.7061,1.524603927,1592075.891,6.743378151
1521.5253,0.892706992,1081165.612,6.754282688
1542.32221,1.192585187,1814268.401,6.761187784
1531.355,0.926104277,1905435.977,6.863733141
1511.58669,1.007421125,1368512.819,6.753630609
1520.24397,0.978510022,1119947.041,6.706230249
1505.91327,0.907140066,1103545.024,6.572454353
1503.49326,1.116648956,2590651.183,7.106484307
1503.49326,1.124025728,2607790.592,7.110645262
1503.49326,1.124025728,2607790.592,7.110645262
1503.49326,1.115141261,2587120.249,7.105627098
1513.12657,1.085006791,1574498.379,6.832685294
1511.12872,1.124178852,1557352.945,6.771539255
1538.62898,0.838138695,2085636.251,6.907520537
1532.25033,0.801708508,841553.9499,6.616711719
1540.40504,0.96642909,1225844.869,6.60520849
1557.68962,1.591630881,1305144.461,6.666178633
1545.1098,1.001498014,1701623.447,6.919731654
1542.63082,1.170235674,1075525.979,6.818556649
1523.15935,0.995780181,638903.938,6.490016342
1494.41757,0.732222232,743325.6064,6.500740165
1515.67396,0.65841799,1452146.486,6.989148659
1519.47259,1.660113228,1241085.922,6.774185551
1503.34362,1.812242517,2956021.679,7.048257813
1494.66374,1.687214422,2222936.802,6.998849681
1478.77806,1.646624969,3720928.556,7.050900521
1461.80481,1.156114155,3448544.21,6.910926953
1431.64673,1.39438797,2454183.949,6.835529354
1381.55923,1.163048298,2348851.96,6.84723586
1405.94572,0.951649951,1512203.411,6.719716987
1405.94572,0.952152745,1512321.393,6.719848231
1405.94572,0.952152745,1512321.393,6.719848231
1350.05695,1.080704286,1924380.839,6.78193935
1280.78709,1.106697467,3562196.004,6.828657744
1257.32478,0.95748554,3023608.619,6.914254687
1193.17953,1.265508532,2154834.047,6.805764129
1089.79966,0.770882804,4882515.518,6.955881873
1157.38918,1.123602932,3961471.692,6.9037792
1228.37063,1.476340455,8613106.732,7.095554516
1179.10969,1.482075457,5003197.686,6.957035907
1144.87259,1.878134623,4220264.92,7.116080067
1183.048,1.579775709,4757335.267,6.979104145
1243.29611,1.440224524,2749453.64,7.004554028
1239.71944,1.117676504,3263925.208,6.784617253
1227.64902,0.966688903,3415983.498,7.094899331
1225.31571,1.096985834,1302571.373,6.648520163
1198.80415,0.804641028,2479214.419,6.925873921
1167.06912,1.236349809,2186806.852,6.878385776
1150.59856,0.468321656,8216768.127,7.128165473
1150.59856,0.468325857,8157684.373,7.123417473
1114.455,0.46704113,5532478.915,6.70128717
1083.81017,1.041875886,4576735.756,6.985289432
1083.62293,0.986213936,3658510.539,6.942637972
1093.22744,0.937237239,1138069.93,6.689345749
1098.1124,1.017058702,12278595.43,6.861908171
1119.58178,0.933740293,2745723.797,6.99928038
1177.47028,0.932447572,3477412.184,7.010889054
1186.17576,0.666243723,3410671.854,7.053805821
1173.8121,0.512515571,5514190.359,7.003921582
1201.08614,0.914446689,3264888.736,6.879845197
1205.95101,1.295674855,1895701.24,6.796249228
1156.37929,1.376228485,1685848.12,6.71960337
1131.75765,0.959470378,1242112.813,6.612042044
1046.73224,1.234054851,3419415.185,6.94640589
1032.96011,0.824769667,1795398.329,6.746142034
945.22218,0.886164073,1481560.235,6.586216688
1002.32459,0.95371065,2186889.519,6.695489892
1002.32459,0.95459343,2182996.43,6.693847178
1085.01786,1.430805206,4053437.813,6.956839202
1075.86277,0.676924169,1789079.524,6.768572206
1023.2055,0.721534268,1383381.677,6.606072234
1005.35517,0.873680626,759554.0285,6.515378673
893.40109,0.849889525,4121548.78,7.035308012
907.04453,0.951342607,2281198.319,6.773800263
842.46463,1.055669186,2380362.143,6.965665112
825.18439,0.898899488,1704362.961,6.805195485
918.13688,0.91880116,1778179.51,6.673350185
933.06336,0.684253781,698952.7844,6.240461142
931.17331,1.249926507,1760973.358,6.825501159
929.3775,0.74748222,982808.7021,6.706632653
929.3775,0.74748222,982808.7021,6.706632653
953.56421,0.837583872,731593.9163,6.377078147
938.3179,0.709435382,1656162.977,6.625748773
927.49977,0.843225802,1542887.565,6.796281923
915.79298,0.793891868,840223.2521,6.689977515
903.60525,0.745348197,1200807.217,6.766278597
912.71047,1.082923395,1232841.523,6.61304877
921.16056,1.003551939,623632.216,6.438343388
907.42766,0.602300849,585074.1157,6.529894061
936.85929,0.914612036,1412877.28,6.803488859
942.08325,0.985533152,705009.1075,6.700291717
967.88631,1.068978425,1525624.108,6.951587371
1008.50372,1.002668572,1971644.859,7.079031683
1004.86147,1.187996898,1179777.953,6.846095036
1008.85402,1.096916951,1130826.432,6.715600046
1008.01942,1.193121492,755048.3256,6.602265001
1007.99863,1.097736776,890572.2425,6.730205662
1001.7713,1.04595877,694014.5335,6.478664172
985.37013,1.424590923,1526137.071,6.73147484
1001.96393,1.089439983,1527250.229,6.824617473
989.93555,1.20539791,1072779.51,6.708980921
950.70825,0.765365412,1416175.404,6.761931563
896.87544,0.889182882,1330644.985,6.715188584
891.23963,0.956333531,1103052.079,6.606726926
853.61487,0.805835081,1784029.129,6.860520777
791.05783,1.028935791,2179241.708,6.932739369
832.84618,0.826207405,1316811.279,6.703021372
833.5238,0.856932032,1688237.704,6.745211049
839.01482,0.887086885,1249195.244,6.718748855
817.15902,0.932099664,1634765.467,6.973977612
817.15902,0.931448106,1634158.928,6.972989624
808.1215,1.029652875,3148806.887,7.026566586
828.24542,0.995081885,1262899.168,6.669481071
815.70286,1.273115222,934377.6559,6.728440708
753.3514,1.053680332,2517368.451,7.128280713
756.34435,0.829857204,1119339.78,6.612981956
729.24407,0.927820441,1206200.138,6.794592126
714.23293,0.979822932,2210070.859,6.568008254
604.29995,0.642159946,2765035.059,6.579321627
709.66996,1.022878313,2231271.088,6.713188653
678.37348,0.854827818,1233269.439,6.506729193
