,Merval,Spread,Valor transado (promedio),LIX,Valor transado (suma)
0,461.21212,1.984569621,1561247.128,6.566659996,9686802.08
1,464.78424,1.669037649,813377.0786,6.177644097,8010489.18
2,469.48652,1.654114431,1062537.179,6.261228207,11536491.4
3,482.48671,2.541496051,1132173.018,6.548043792,10649700.2
4,485.33257,2.743804557,1293752.869,6.465310167,9934415.38
5,482.47103,1.631322252,2827724.89,6.831833026,12512914.68
6,477.23864,2.022756066,1177084.689,6.455380324,7761226.88
7,473.3981,1.573433707,1136556.707,6.409071434,7650526.01
8,482.3489,1.731790327,656663.6806,6.225402561,7577418.61
9,484.22393,2.166119039,584058.879,6.148841041,5695459.04
10,474.84935,1.67689551,1047277.658,6.278464035,6665953.62
11,468.00352,1.386404312,373368.1145,6.128930652,3622161.28
12,469.32049,1.853905385,739977.688,6.4775854,5855569.17
13,462.09166,1.570391092,1551975.081,6.755848673,6794459.07
14,462.09166,1.570482833,1550468.739,6.755148774,6794459.07
15,462.09166,1.570482833,1550468.739,6.755148774,6794459.07
16,462.09166,1.570749313,1546094.256,6.753116239,6794459.07
17,462.09166,1.571146865,1539570.862,6.750085246,6794459.07
18,451.60479,1.237832854,1019819.07,6.099463223,8668365.37
19,452.22668,1.504465311,740650.7301,6.173844687,6170374.47
20,454.07305,1.715075804,680427.7261,6.386873121,5447202.24
21,464.88371,1.631878659,730330.2985,6.175338141,8257831.2
22,478.08558,1.706487835,1521647.349,6.501773411,10467382.89
23,473.17662,1.872953279,1287018.036,6.594192788,7409514.76
24,476.14945,1.870888684,1080950.99,6.424991713,8545136.91
25,473.21377,1.703262804,883434.2471,6.310846649,6409259.97
26,465.81551,2.005623666,873279.6677,6.289568935,8339208.73
27,473.51367,2.010837533,983587.3218,6.360148368,7804320.44
28,465.41087,2.043285414,1056983.294,6.482296571,7932529.61
29,462.76243,1.590887096,1131323.406,6.490098289,7423063.86
30,465.7444,1.765621843,1377442.869,6.68180866,9777189.6
31,476.9999,2.16156409,2255720.896,6.592121443,9658638.61
32,480.884,2.347928975,2180164.258,6.64186809,11504138.58
33,482.88281,2.194442988,3544366.973,7.021259405,15347569.81
34,495.13374,1.971609329,2057011.219,6.623977548,15107530.37
35,500.31104,1.845991311,2122426.047,6.676493846,15033342.57
36,506.57699,1.699558259,2465380.168,6.700756741,16283153.46
37,511.08902,2.275788489,2045067.296,6.58897418,14820424.72
38,511.08902,2.275788489,2045067.296,6.58897418,14820424.72
39,512.29747,2.347832517,2130793.63,6.519993072,13767642.52
40,516.40281,2.157218852,1873354.95,6.610698767,12820541.74
41,525.48925,2.996638124,852492.0368,6.523327831,9941505.86
42,542.02584,2.799709714,903369.2917,6.254563209,12048057.67
43,536.44318,1.657667578,1207375.705,6.364353498,11633875.48
44,511.97157,1.660924962,1701869.6,6.314960412,12643874.54
45,489.86095,1.868338425,1171765.015,6.114196504,11438236.76
46,472.85564,1.446526839,944899.0017,5.999009845,8758425.25
47,462.95978,1.189903303,1163236.25,6.09708489,12282547.74
48,492.01803,1.631990895,1139417.314,5.94099673,11030162.9
49,490.35106,1.45372504,852788.7764,6.10945194,9153616.07
50,489.19771,1.294798072,838975.7015,6.107614899,5404998.56
51,484.20631,1.222853268,1032687.649,6.323456985,5651949.76
52,480.27053,1.55563633,635973.5599,6.210772791,5429858.37
53,469.53324,1.321410401,818589.3062,5.986336281,6672344.7
54,469.46778,1.825719173,946731.5505,6.210846739,8035294.72
55,461.68407,1.08168373,505553.0758,5.754129858,5058987.18
56,463.8967,2.158279099,231977.6799,6.091594654,2593275.29
57,450.02752,1.204156233,840458.5867,5.85798558,7041783.07
58,459.0891,1.003988166,682032.6033,5.972310837,6634056.91
59,462.59351,1.105933683,1003752.647,6.373179242,6135752.7
60,459.68593,1.312323028,505403.7658,5.929581731,6462826.72
61,458.17498,1.316938223,474659.2768,6.262545744,3985962.97
62,454.19691,1.486311465,725853.9422,6.137444623,5365907.32
63,453.34694,1.512421404,829745.6806,6.243102798,8410310.29
64,456.66629,1.527271321,877320.0132,6.545885601,5627832.99
65,458.60111,1.921367779,1008331.276,6.345366536,5425261.68
66,453.35532,1.323256686,541234.014,6.117190989,5089953.46
67,443.69197,1.508959136,547807.4065,6.131469384,5967758.39
68,429.57932,1.790614549,848925.3072,6.071569367,7605030.47
69,427.95893,1.166813832,1377403.278,6.210763665,9472897.7
70,423.48527,1.051832345,730053.7991,6.049719416,6086463.16
71,408.2259,1.123620229,976750.543,6.022502537,8513738.12
72,400.45509,1.073861775,962574.5914,6.357973298,10173003.14
73,403.25386,0.814798268,811684.2646,6.226443147,7411669.47
74,403.25386,0.819665624,816532.2396,6.228200364,7411669.47
75,403.25386,0.825604429,822369.9755,6.230316333,7411669.47
76,398.80049,0.970430359,1644745.906,6.410844297,8158521.33
77,396.54228,1.162406398,1118311.968,6.372415733,5460284.87
78,390.00968,0.803226669,772159.0756,6.06507967,5671438.97
79,387.78346,1.077789888,626947.598,6.016071273,5387733.04
80,392.10136,0.919607219,789470.4875,6.026203993,5563622.13
81,401.78061,1.384166017,1407227.66,6.570204683,10085120.01
82,393.43396,1.182571129,1950172.53,6.2504529,8487534.62
83,398.75741,1.561130113,2009279.587,6.676174893,8534931.13
84,408.73311,1.746876443,600975.9755,6.341818064,3510151.56
85,404.28561,1.814781868,1447126.697,6.509912339,6077676.82
86,411.27281,1.347674284,1453772.279,6.608326011,6230713.44
87,411.27281,1.347674284,1453772.279,6.608326011,6230713.44
88,411.06473,1.401127785,955689.7695,6.639336712,5228324.85
89,422.14512,1.570441057,905974.7225,6.239906117,6119430.52
90,421.20581,1.568105275,941526.3387,6.423880677,6297781.65
91,436.86807,1.5190035,1104047.065,6.426094393,8560906.55
92,443.42793,1.985239065,987574.8038,6.383304914,10705912.47
93,452.58725,2.206550962,1878809.819,6.485528123,15174121.29
94,437.99332,1.50470342,1302606.802,6.130273799,9754327.44
95,442.31544,1.681745959,842022.2863,6.337346281,7345985.87
96,446.83095,2.073821672,946531.1018,6.394586607,6341003.09
97,448.76879,1.976317441,919227.3148,6.539774484,7436441.66
98,451.01955,1.489352639,965450.5867,6.41850751,7260641.38
99,443.19133,1.418657838,791110.6035,6.169885137,6086120.34
100,441.69647,0.966263068,495462.1268,5.867515563,3972955.97
101,436.99421,1.680014613,849657.1515,6.468573026,4672469.73
102,429.30448,2.330198617,835993.3706,6.27791363,5660255.19
103,433.38906,2.137629073,1040540.007,6.302952231,7665405.79
104,441.78332,1.784622189,907516.8674,6.445401291,6881064.4
105,445.75168,1.4239251,771332.3556,6.313975021,6907016.35
106,445.17351,1.682904798,1004971.991,6.228859705,7967697.18
107,447.60052,2.13759811,725554.7436,6.351208763,5819803.19
108,457.7008,1.691252639,1220236.901,6.340923231,10469534.4
109,458.74197,2.340404663,2634887.858,6.518830241,15487511.2
110,462.17045,2.010788592,1137974.298,6.431793322,9087054.24
111,471.29733,1.939843826,930291.3896,6.277050385,10286485.22
112,485.95857,1.899956446,1116517.282,6.572067581,16619762.94
113,505.07482,1.202144515,1738446.783,6.587310904,19379151.35
114,498.91873,2.16324425,1537105.773,6.500465471,17024107.64
115,491.14669,1.513044529,1273202.587,6.540230988,10517957.38
116,491.14669,1.51527536,1280065.929,6.539433895,10517957.38
117,498.2953,1.993751262,1136816.655,6.5074941,9417417.58
118,499.52695,1.950403524,1190924.891,6.620348503,10786529.86
119,508.96602,1.704718024,1666455.858,6.613764469,11725587.96
120,500.46247,2.228657238,1723405.131,6.67441843,14534432.28
121,500.54341,1.056153623,1047931.506,6.522684671,12443990.58
122,492.3235,2.00704203,1551707.597,6.865865192,13169916.48
123,502.83301,1.685471141,1273673.813,6.279051126,12240596.47
124,503.52916,1.213269934,1073945.517,6.377752799,7081191.17
125,505.59856,1.793970084,969894.3657,6.510846276,6110453.11
126,510.01569,1.768206222,449432.609,6.165592553,4339791.5
127,520.87507,1.320421579,1548256.061,6.540151897,12183082.33
128,525.71203,2.862545377,1011162.985,6.581907193,8871792.48
129,535.04616,2.357349793,1384482.945,6.649408257,12420509.28
130,536.98858,1.915766186,1069994.318,6.503406395,11519547.83
131,560.77458,3.307387578,1645034.049,6.48485762,14876623.46
132,579.46244,2.444944473,2441489.105,6.910629831,27945166.31
133,580.0416,2.119970866,2089313.453,6.495366819,16528447.48
134,561.90659,1.555288173,1131620.388,6.43517033,14499123.74
135,573.71151,1.571992439,2660896.563,6.545927559,16832254.45
136,594.03503,2.260839312,1287983.685,6.528424451,13998082.51
137,591.45664,2.153337523,1205059.252,6.563400128,15037159.75
138,601.21705,1.592156709,2896288.495,6.436610934,20059836.35
139,604.29068,2.281730538,1746286.658,6.42088025,14991610.46
140,606.0034,1.267826815,1365582.116,6.297236873,17343805.05
141,627.83159,1.612241359,1020208.459,6.448765432,18966863.4
142,617.39289,1.74522311,1501927.334,6.349284053,23756514.26
143,615.65651,2.230011615,1215540.736,6.524690894,14702139.88
144,622.31273,1.635627265,1284652.779,6.375357886,16550927.68
145,609.08102,1.283781157,814768.1988,6.054116828,9919057.36
146,614.65723,1.611632995,2169901.081,6.735045402,20836729.46
147,631.43946,1.282598284,919612.8873,6.293500826,14842522.5
148,623.46949,1.226237623,965754.1738,6.484566358,11437085.48
149,622.1861,0.911757589,999253.1151,6.305819133,12504844.3
150,622.79071,1.830631919,964479.3414,6.290764848,10554414.64
151,632.29022,1.53125013,675711.4657,6.448432601,11399343.0
152,634.69777,1.063070501,1142652.962,6.531142971,12501391.07
153,642.29897,1.879008694,992745.4587,6.358835918,14062346.95
154,672.75005,2.165961384,1495173.693,6.476836648,23518550.93
155,685.90383,2.155833328,1089441.579,6.467071685,16882331.56
156,685.90383,2.156042026,1088259.564,6.466808337,16882331.56
157,689.52831,2.530045817,1028140.619,6.655814441,19173576.96
158,681.35207,2.181428505,1520355.678,6.666829876,22879196.5
159,699.68379,2.156542727,1315336.834,6.485767977,17487313.59
160,713.33208,2.453951748,1434798.599,6.612401011,22149355.15
161,740.12086,1.550840919,2359047.413,6.542767866,24116691.02
162,729.99675,2.215706355,2258222.158,6.622534271,22074721.83
163,692.82315,1.476268474,1412560.614,6.416616567,21441080.42
164,735.18528,1.764837759,1264321.201,6.491577059,17719392.52
165,715.97422,1.393305537,1057327.325,6.508048879,15459053.96
166,702.62113,2.203683958,2148435.611,6.619484878,18323744.6
167,663.80773,1.697825192,1522341.756,6.351373429,24654230.33
168,665.36442,1.317286256,1013847.747,6.185155855,14462385.72
169,657.93845,1.781674685,1094779.719,6.258963417,10199891.92
170,647.6225,1.567453574,998997.0394,6.367910311,10621712.53
171,661.90364,2.000347816,806726.6099,6.267751647,10817005.41
172,703.64717,1.658111384,1007505.782,6.326925131,17155909.98
173,703.64717,1.657889269,1005573.017,6.326662151,17155909.98
174,679.09614,1.829548894,1387798.407,6.171640062,16610155.79
175,678.10215,1.380429367,1316910.065,6.335620109,11430440.51
176,693.04974,1.663434968,1122918.171,6.407993048,11733038.91
177,676.07192,1.561000297,827840.5975,6.150851986,10300197.99
178,671.4857,1.936207311,928220.4101,6.346493397,8663978.19
179,703.88842,1.856556296,1095401.572,6.467633887,14183437.55
180,717.87883,1.970330508,949006.2584,6.474952032,11809758.32
181,710.18559,2.162679125,1853782.377,6.560595171,14431744.24
182,653.73619,1.439804432,1842200.129,6.468030814,19483878.67
183,682.95898,1.38847963,1776304.142,6.353693356,16697889.94
184,686.5363,1.644823705,1135024.009,6.542169513,10342503.0
185,704.70404,1.794760353,582770.0866,6.089121916,11527041.5
186,704.70404,1.792189993,585847.8358,6.090831899,11527041.5
187,738.90812,1.446867924,3578741.228,6.543556179,35159258.39
188,729.08511,1.416288715,3308371.504,6.558671857,25303537.26
189,746.44945,1.553700121,1182906.216,6.421496068,12868836.11
190,741.35444,1.102772603,1279949.659,6.419522031,14380938.28
191,720.80383,1.383990575,3717582.664,6.556222594,17447903.23
192,682.97211,1.000958642,2439145.977,6.55294403,17474755.25
193,683.30564,1.521185119,1132950.744,6.50169078,13295423.39
194,679.98169,0.95458603,1752623.005,6.527543003,11440364.88
195,679.8879,1.114222182,1964270.987,6.660823234,12166713.43
196,679.88316,1.136519326,630998.0149,6.179957128,7737576.55
197,666.05144,1.274309795,1014754.084,6.216402823,8677164.98
198,662.076,1.092522504,1379794.142,6.273927728,13646319.75
199,664.28503,1.485662454,1010363.983,6.345596856,12436919.9
200,665.92051,1.02675923,746723.254,6.26213764,6936836.0
201,679.78368,0.870809269,1893385.337,6.427862456,16073020.71
202,689.35848,1.390526599,1469196.079,6.173355462,15424499.86
203,680.70849,1.264325344,1405583.065,6.354418907,12706401.82
204,668.2172,1.572731427,1592889.959,6.269858899,17395605.47
205,655.82499,1.382136157,1474372.786,6.413837525,14210612.42
206,667.15472,1.412904994,999986.5567,6.321939426,10998389.26
207,667.15472,1.412904994,999986.5567,6.321939426,10998389.26
208,667.15472,1.412904994,999986.5567,6.321939426,10998389.26
209,651.45771,1.153663996,1821722.581,6.525496271,10281057.18
210,660.53913,1.566735401,1037289.687,6.030734372,9738113.03
211,655.85533,1.280335304,760995.2802,6.192916372,5212017.12
212,655.85533,1.280335304,760995.2802,6.192916372,5212017.12
213,655.85533,1.280335304,760995.2802,6.192916372,5212017.12
214,645.73917,0.997270233,473786.3831,5.935426888,5193781.28
215,656.01727,1.156614984,511337.6278,5.99255249,5948687.81
216,639.84016,1.338769968,542687.0329,6.243115767,7589907.82
217,649.01569,1.223359007,660194.6639,6.086132859,7969090.17
218,654.97918,1.243557403,799972.7057,6.270724795,10419983.2
219,646.24381,1.233743634,878055.1665,6.196967799,7089223.29
220,654.44551,1.484513844,941328.1534,6.198837197,7921853.2
221,661.68369,1.424033619,650204.8411,6.266942867,6546936.58
222,656.87841,1.244167461,679378.4412,6.222784549,6248245.75
223,671.12661,1.216249512,899060.1754,6.236702407,7821577.48
224,681.10486,1.90054598,1461329.696,6.441996773,10801650.56
225,683.70608,1.391035181,1082867.049,6.247889307,9564480.18
226,688.8749,1.243338509,434073.0671,5.9365411,4278327.67
227,672.92351,1.330769543,1064693.999,6.059432024,10035372.15
228,665.98125,1.373325892,1464809.336,6.278963209,10842549.77
229,559.35472,1.493296902,2558076.431,6.505796147,21129538.35
230,534.84161,0.793169307,1779790.634,6.244632558,17781655.51
231,543.26023,1.206218661,979463.839,6.116379378,11598741.76
232,548.35443,1.141587399,737131.7383,6.145076409,8322207.64
233,543.96017,1.399448565,986138.1722,6.159963755,8702174.89
234,563.55348,1.412368348,1200285.158,6.197268321,9116724.5
235,576.92327,1.201198643,1895875.675,6.249034622,13108740.25
236,585.13144,1.320189379,1567863.63,6.300292786,12941154.51
237,592.54809,2.006904057,1498105.428,6.538124865,12507965.05
238,581.6443,1.509366687,1710599.288,6.134667007,14344624.63
239,576.46529,1.162865513,1432139.926,6.232055284,11037323.55
240,553.14943,1.159776082,1526586.068,6.045074075,12407422.92
241,532.01022,1.231637262,943592.6197,6.236124628,7429517.27
242,554.49872,1.555210185,999647.7261,5.943403182,8940088.99
243,586.39667,1.262639827,1440936.817,6.285437322,15180355.11
244,593.33547,1.574156036,995373.1837,6.264910978,8705983.2
245,616.0848,1.41105927,1237110.723,6.226994355,14907288.79
246,628.72697,1.484068089,331162.2285,5.884278825,4480414.16
247,621.09545,1.51107325,1375933.193,6.483329993,11389507.81
248,608.21208,1.69836132,1192845.403,6.310201018,8618433.57
249,611.15681,1.920728055,867635.398,6.383158802,9843291.24
250,602.26827,1.61328154,1181335.869,6.343267274,9527450.35
251,609.34316,1.439260252,1547401.491,6.434257084,12536118.56
252,593.8137,1.624096308,1111217.468,6.323684959,8394130.57
253,592.00675,1.283405773,792205.2971,6.340868204,6403670.31
254,586.46448,1.386425791,1243864.723,6.480659078,8694030.65
255,589.19887,1.178293132,1016442.495,6.451333479,8525890.94
256,589.19887,1.178293132,1016442.495,6.451333479,8525890.94
257,589.19887,1.178293132,1016442.495,6.451333479,8525890.94
258,584.29574,1.061665624,537516.574,6.079064176,5345577.39
259,603.09995,1.241193896,974488.932,6.317779565,9819278.27
260,603.5314,1.491088995,845838.3049,6.232269786,7860340.74
261,592.8855,1.544998587,654065.223,6.274675652,5398623.65
262,586.57868,1.445968914,584144.8709,6.326090263,4629152.43
263,581.77178,1.50543657,721746.8857,6.197211873,6635616.59
264,575.16509,1.73735791,917911.2242,6.187434453,7088691.79
265,585.47873,2.232520399,992499.0988,6.497834049,7985116.02
266,586.89102,1.767231611,593057.3221,6.278901366,5711724.59
267,597.09325,1.780197394,1358585.057,6.540461163,11934650.99
268,592.62538,1.599693269,1222551.25,6.478075338,9451945.42
269,599.97363,1.745683472,965176.004,6.333901847,7498974.68
270,613.89408,1.985430846,930080.7468,6.345399817,8717658.2
271,613.89408,1.982284464,922645.1264,6.343519952,8717658.2
272,619.53462,2.07834586,1097646.492,6.47636375,10262652.05
273,615.96831,1.848670038,781356.2812,6.284312619,10351715.47
274,623.25672,1.580831964,1192932.088,6.515075018,11960589.29
275,622.85696,1.101418456,940600.7968,6.233845208,8938024.41
276,641.32944,1.304993249,1207969.055,6.480937852,13417600.88
277,650.13626,1.987882346,1203932.964,6.652456867,11990066.64
278,650.13626,1.985648654,1194811.387,6.651274111,11990066.64
279,657.98983,1.557260281,969548.4456,6.318279535,12944150.92
280,646.64625,1.813611829,1662152.113,6.626259829,15227341.97
281,650.74683,2.060888478,1278852.506,6.398119615,8850639.22
282,657.8779,1.450099425,1515932.949,6.466953553,14066016.35
283,657.63068,1.800183152,1090108.236,6.525338429,9817414.39
284,663.1304,1.785196249,490225.5086,6.291008642,8411989.37
285,657.36584,1.350088842,863490.3992,6.395198145,9170629.28
286,649.40754,1.214707498,551275.0656,6.090315397,7421774.71
287,640.6166,1.206409614,1235354.101,6.601462813,9868282.07
288,654.06122,1.520748294,563706.6935,6.047252279,9254202.35
289,654.06122,1.515723792,556872.3155,6.04389473,9254202.35
290,654.06122,1.515723792,556872.3155,6.04389473,9254202.35
291,651.37389,1.448354072,455816.0721,6.147673478,4680625.16
292,675.16029,1.657626238,829075.968,6.33775977,12851205.8
293,687.34878,1.813829903,1207786.247,6.566439392,16211065.16
294,688.7632,2.05757657,881937.4759,6.458476231,13648270.59
295,668.14853,1.486780273,1143333.115,6.189560983,14681600.44
296,691.01157,1.198560621,1021281.143,6.204777515,11898092.18
297,692.54677,1.803589377,1074214.59,6.538629176,9148952.09
298,692.23646,1.332765783,773142.5398,6.044028202,9074438.82
299,692.23646,1.332765783,773142.5398,6.044028202,9074438.82
300,692.23646,1.319746536,752588.9175,6.035768112,9074438.82
301,704.61027,2.01702524,687992.3692,6.45194807,7802250.82
302,693.19543,2.10777459,1798330.415,6.517089425,10448685.63
303,705.71539,1.731146045,1265650.223,6.475635765,11989845.3
304,693.94167,1.861173726,1498928.077,6.675796559,12931255.77
305,699.19543,1.549197159,1223966.625,6.545404074,10775680.71
306,696.64469,1.86236879,821746.1954,6.581920023,8835248.05
307,696.88073,1.756323274,779970.8141,6.361643612,8558242.01
308,696.65036,1.539238597,1263049.335,6.576557894,9309185.97
309,681.07773,1.043861822,1167727.882,6.439272546,13386614.92
310,690.63329,1.259842209,1294086.318,6.560058267,13786018.2
311,717.40479,1.507005742,1546651.58,6.257761466,15236009.76
312,725.12343,1.268284744,1801289.923,6.428681404,16076525.32
313,731.41801,1.596358202,1456122.403,6.405229121,20958371.43
314,745.78615,1.764513033,1237419.061,6.638843553,17223101.13
315,752.67184,1.656075074,1515602.287,6.592952888,15900169.81
316,762.39242,2.096694425,667554.0416,6.315519046,8028795.66
317,762.81174,1.480449868,2503051.396,6.680694317,18913877.0
318,774.12224,1.425858611,1472297.614,6.495790515,14273634.65
319,794.49742,1.824547787,1412518.776,6.434608325,20837002.39
320,786.13421,1.703610234,1520394.535,6.496723498,15712959.51
321,784.71334,1.833154045,1323412.053,6.397662085,12601307.77
322,787.2485,1.080694192,1538728.143,6.454913388,15707583.07
323,786.49211,1.771034293,1122086.96,6.41585687,9914128.97
324,800.25111,1.597932898,926753.9444,6.286754768,12688672.29
325,802.02999,2.547697432,976047.5629,6.342690339,8703608.01
326,845.41328,1.407941371,1509670.955,6.404310146,15530574.38
327,832.66644,1.712298028,1861116.853,6.550331359,24733026.24
328,821.04292,1.741035485,2184164.473,6.626033933,21669338.77
329,819.28772,1.668728647,907231.0368,6.362284782,12512571.29
330,817.80916,1.604457593,1063865.921,6.508130015,10265842.24
331,718.70952,0.805521884,3663343.949,6.72753239,34591761.01
332,746.49951,1.162386927,3996779.453,6.55816313,33393323.73
333,773.84511,1.41711721,3492878.191,6.6653389,33381076.39
334,731.93004,1.310913282,2108899.751,6.576134439,25610131.46
335,731.93004,1.311637446,2117037.592,6.576451473,25610131.46
336,813.72836,1.157510874,3310918.28,6.6189861,38009428.19
337,805.90463,1.093533836,1318954.233,6.267195406,16051331.08
338,817.09522,1.280736148,1574106.613,6.484986596,12953502.28
339,797.02366,0.986240287,1453639.613,6.509084069,17102162.0
340,803.66457,1.422490127,1013102.962,6.233676805,14538717.71
341,803.66947,1.478494353,905775.2478,6.352967385,9997279.01
342,827.49324,0.504847734,1024031.953,6.374691386,11922726.32
343,839.30335,1.801732672,750278.1257,6.377303958,11099262.82
344,834.6152,2.163713248,738428.9569,6.322174116,9860822.58
345,831.39577,1.142065709,220346.6488,5.707142895,3831836.23
346,835.70683,1.82249349,958605.0565,6.514743055,10502223.86
347,858.59938,2.489736879,1484532.05,6.86446201,15026680.21
348,858.59938,2.489736879,1484532.05,6.86446201,15026680.21
349,906.65746,2.186668986,2500956.792,6.884167742,27016049.51
350,918.52679,2.20097246,1874370.067,6.632794623,23478553.23
351,919.11876,2.364721357,2159171.558,6.574767132,18315977.57
352,893.47526,1.870886368,1241395.486,6.523280968,13364365.29
353,883.23295,1.966108444,1217363.573,6.559804628,16075544.52
354,859.16165,1.138725095,1378296.626,6.545266862,13998124.08
355,896.13065,2.321987421,2080173.433,6.773250785,19749866.01
356,864.94917,1.892216168,1962126.812,6.698632896,14856479.06
357,850.50225,1.690484739,2847746.448,6.77148184,25203932.51
358,828.88805,1.697741084,1269518.405,6.317353554,14556560.67
359,840.81807,1.734949957,931330.3137,6.42664881,11779958.85
360,802.95619,1.95425161,1702503.371,6.562964634,19049505.45
361,788.01134,1.503986358,1476881.895,6.32204594,15370221.36
362,849.98656,1.61027013,1706777.271,6.536130618,18091652.57
363,922.62711,1.712759766,2078079.915,6.554070211,31684186.91
364,837.89237,1.803526921,1955955.001,6.431688587,29452323.9
365,848.89617,1.216375925,1690842.613,6.349635038,23176802.82
366,843.27968,1.43560957,1029573.898,6.297210087,11807649.81
367,807.76187,1.933643207,2331969.183,6.753090115,18852332.3
368,815.39317,1.44162355,1381203.695,6.495419768,13890893.0
369,832.62873,1.535658193,1015862.453,6.234105357,12284577.7
370,829.06576,0.8760773,1176223.985,6.358681115,11819784.12
371,821.21538,1.771957442,1206306.139,6.328838995,10154668.32
372,842.41706,2.112145032,2372041.97,6.610868763,16937822.06
373,850.12815,1.499036998,2355393.133,6.481403489,15477416.4
374,828.30417,1.7951186,2366488.305,6.634047832,20656417.32
375,855.8353,2.749770534,3623137.428,6.757729854,25352276.38
376,855.8353,2.750114132,3610065.776,6.756632134,25352276.38
377,871.18933,2.131170958,2006733.88,6.603632192,14294122.08
378,867.1695,2.505085762,2994311.13,6.544278257,19230837.7
379,866.2115,2.301751434,2115188.785,6.786260307,19188768.3
380,889.51591,2.620852829,2088132.934,6.666385319,22688134.46
381,902.6034,2.36387044,2852619.396,6.650245399,22416164.82
382,912.83939,3.007862694,3048205.258,6.782462571,16632509.3
383,936.57063,2.222160176,3144066.591,6.529672729,26742976.42
384,943.87995,2.251573135,1751894.149,6.459460672,18049123.32
385,943.03519,2.253163713,3371425.233,6.722517735,25802654.84
386,954.28629,2.22767869,1469721.009,6.332821523,10868164.74
387,970.58544,1.981166509,4688773.23,6.7469523,29452771.99
388,1010.96045,2.511962291,5411939.565,6.772600401,41663756.58
389,978.17761,1.964443462,4067617.779,6.661630947,26517093.67
390,1009.73876,2.670701667,3164850.859,6.47509746,25423657.37
391,1041.15899,2.401156772,3894748.272,6.732744397,26976813.09
392,1047.12284,2.233879563,3952585.471,6.717748957,26868512.08
393,1060.46276,3.0528008,5112674.254,6.954734387,28320326.62
394,1080.5238,2.283977287,3439123.507,6.771340969,28867492.79
395,1098.49101,2.462314967,5505219.099,6.870375757,29475555.89
396,1086.59962,2.286511804,3788212.285,6.828577282,28002615.09
397,1137.25003,2.811700459,4339800.703,6.704173384,28020755.64
398,1141.38472,2.235925888,4230491.372,6.915086136,28911161.3
399,1143.40632,2.966793707,2968753.131,6.725557572,20677845.05
400,1146.01206,2.978657788,3085719.554,6.899672583,23140424.41
401,1200.98664,2.549075606,3572823.178,6.506547749,25157101.89
402,1205.54481,2.14892185,3898777.005,6.652871931,28728214.91
403,1229.03563,2.155543963,3602781.052,6.710717813,33024256.2
404,1223.53325,1.995258731,2991450.676,6.652082711,26773278.37
405,1261.54175,2.859849937,2818567.858,6.582167072,28629277.12
406,1271.55813,2.381162305,5381696.2,6.975559635,32487645.76
407,1267.20308,2.24537478,4886553.541,6.857674095,32355835.45
408,1163.39327,1.624477669,4833062.169,6.445293457,39627614.35
409,1069.55775,1.376255544,5414324.146,6.475866186,49344518.84
410,1139.99882,1.185154958,5098532.539,6.431106216,35060560.3
411,1080.45688,1.793809287,3784439.22,6.449029277,28208713.52
412,1070.11832,1.86517775,5127623.442,6.736865296,24597568.82
413,1062.95029,1.462410894,3778689.452,6.58031433,24631209.5
414,996.21185,1.65884305,3996354.755,6.571957039,31677640.95
415,989.47051,1.601248234,3527345.605,6.6163434,27666492.5
416,989.47051,1.598957336,3458534.019,6.616258073,27666492.5
417,967.05809,1.444657331,3273985.451,6.55489765,20827233.28
418,947.76146,1.187857756,3568429.689,6.653649341,24442354.49
419,989.22391,1.429361334,3101572.983,6.533170057,21074010.48
420,1062.02544,1.774737443,4460124.677,6.75844805,35307170.94
421,1132.38139,1.742863954,4251383.118,6.696174051,31685775.63
422,1109.40483,1.787555671,5735185.094,6.721997226,30212780.8
423,1081.77428,1.445961926,4039779.772,6.556656412,22156847.17
424,1054.53068,1.473345342,7469346.767,6.74024367,27292643.74
425,1081.01896,1.381623473,4168073.313,6.814692179,17818728.2
426,1064.78928,1.70886814,10539924.76,6.951786501,29458515.45
427,1082.11727,1.947761159,5979749.966,7.077854846,22022092.52
428,1061.76704,1.76577481,3583430.653,6.621495062,14780085.62
429,1098.15914,1.633825193,2734912.403,6.685293264,15962525.85
430,1152.66996,1.856887511,3285931.588,6.67625555,22681136.07
431,1197.99107,2.002948821,4425039.971,6.837179319,33799650.8
432,1160.78485,1.943007281,3844276.961,6.750202882,31296283.47
433,1143.07488,1.579246911,4348594.646,6.931636971,25470034.82
434,1143.07488,1.572463747,4367063.161,6.92697708,25470034.82
435,1117.97419,1.571009345,3707167.649,6.716848902,18954828.26
436,1096.16628,1.484145811,2731797.984,6.581451496,14969846.69
437,1082.61668,1.460640329,3097886.651,6.913142827,14410720.38
438,1062.71782,1.326667621,2707820.13,6.528218548,13110550.86
439,1049.53884,1.539090548,2398631.864,6.496502277,13618237.37
440,1028.30588,1.729607853,3567554.218,6.771774038,15121642.94
441,1026.88738,1.580831176,2157221.923,6.468671571,10836662.44
442,1042.58326,1.41877315,3308210.636,6.702945249,16186771.31
443,1020.07447,1.573419833,2189569.462,6.58435535,10708254.79
444,1026.54787,1.330254403,2918240.362,6.724228436,14265474.3
445,1050.72167,1.882769104,4188160.773,6.733064042,15898196.3
446,1050.72167,1.879351146,4162715.255,6.730652337,15898196.3
447,1050.81746,1.573365166,3617746.083,6.71765709,16281905.28
448,1071.8743,1.800511605,2626194.79,6.810507665,11964266.11
449,1078.22589,1.639263194,2110904.029,6.47211309,8581791.8
450,1048.67788,1.457137581,2651360.667,6.560219399,12335499.26
451,1003.00558,1.302353246,2339508.0,6.486104065,13739832.27
452,1002.06481,1.671820226,1916155.913,6.645693137,11689386.03
453,1031.94977,1.696339507,2458278.302,6.799258759,12969960.87
454,1022.76858,1.527329139,1840705.643,6.516641169,11477055.76
455,1029.58369,1.550266172,2045026.625,6.677849972,12881764.09
456,1029.58369,1.539949497,2047864.039,6.669982533,12881764.09
457,952.8202,1.398416445,4036172.998,6.778229612,21748856.01
458,886.65949,1.472584223,2977836.698,6.490785617,20734419.45
459,931.2655,1.417184134,4279221.833,6.841631965,24934380.73
460,889.86787,1.353194693,1779829.62,6.509977276,12319628.84
461,815.31301,1.108096798,2938201.301,6.407923406,18803150.56
462,818.69306,1.117600167,5772090.852,6.722683066,27762006.8
463,851.96676,1.529240291,4710672.337,7.003264926,21676921.64
464,842.85531,1.301359224,3113576.553,6.565308238,16730641.33
465,856.75918,1.283499827,2665740.819,6.897233608,16291905.78
466,872.43565,1.402684165,2287023.261,6.679305903,13630947.18
467,897.00246,1.378589154,3193484.217,6.87981933,16820310.76
468,897.00246,1.378589154,3193484.217,6.87981933,16820310.76
469,897.00246,1.378589154,3193484.217,6.87981933,16820310.76
470,897.00246,1.367712027,3177019.993,6.872866545,16820310.76
471,908.76795,1.169883134,2436870.801,6.636049878,12421470.15
472,915.82456,1.144241077,3357237.846,6.707662654,21645832.7
473,915.82456,1.144241077,3357237.846,6.707662654,21645832.7
474,915.82456,1.144241077,3357237.846,6.707662654,21645832.7
475,941.39386,1.023363597,2544414.667,6.645144923,12652250.49
476,892.89235,1.221337129,2687355.324,6.541961874,13973272.88
477,887.8874,1.344554455,2130992.249,6.555125739,10596531.25
478,900.16089,1.299981007,2056113.856,6.649546119,10761126.72
479,907.5914,1.598330018,3390394.308,6.743051438,14380961.35
480,912.8086,1.52168312,1741163.526,6.519959651,8606872.79
481,896.75959,1.315030615,2294249.909,6.668590297,10052203.83
482,896.50348,1.374929932,1826078.318,6.693430648,11737009.4
483,921.82609,1.567669436,1766041.823,6.61993687,10813896.24
484,920.03025,1.720956062,1540639.511,6.748834847,10455671.85
485,937.02287,1.640132556,1994777.522,6.827057461,10508028.0
486,936.61332,1.294971694,804791.4978,6.351202087,5250928.61
487,934.38894,1.493747347,1448018.535,6.532379272,8995527.73
488,937.52495,1.690404384,1174709.28,6.582112412,8660583.09
489,944.08945,1.805784922,1765095.762,6.826129339,11123832.74
490,946.37884,1.790750543,1189862.229,6.539966121,8504934.81
491,954.82151,1.469612183,1128645.909,6.643562185,8091650.49
492,974.62918,1.616546226,2275086.703,6.663661963,16088104.02
493,964.15612,1.452469487,2890607.837,6.698886155,15006950.07
494,940.68886,1.446190059,3030419.179,6.645135318,11452408.37
495,942.16331,1.58575237,3617688.516,6.792595682,14977984.82
496,947.68718,1.380396837,1769863.862,6.60147963,9919917.99
497,973.80592,1.643472265,3056485.344,6.782842383,18329308.21
498,974.03058,1.698306265,3021695.8,6.720184082,16472947.87
499,993.73953,1.940353171,1860425.103,6.757550805,13175376.54
500,995.36887,1.546913291,3185503.583,6.781912123,15587453.91
501,1000.51938,1.732792045,1434482.388,6.577580965,9324364.28
502,1001.84174,2.011205606,2388299.278,6.675147507,15155890.32
503,1016.65572,1.929678541,2161217.412,6.80595104,12562275.88
504,1034.62485,2.084980302,1994561.525,6.924766851,14170045.59
505,1062.08604,2.16846427,2486274.693,7.039359797,18827494.17
506,1062.08604,2.16846427,2486274.693,7.039359797,18827494.17
507,1062.08604,2.16846427,2486274.693,7.039359797,18827494.17
508,1058.59144,1.849875587,1588923.557,6.634306794,15928775.18
509,1057.63698,2.07330439,1769309.734,6.845174342,17763947.92
510,1069.76314,2.300981803,1665676.738,6.824216862,16214014.17
511,1095.41875,2.255403755,2187684.975,6.880693839,24630082.91
512,1107.23433,2.040951419,1222600.599,6.755739088,15432458.43
513,1101.48493,2.169780012,3900210.326,6.995326184,20180746.05
514,1074.50848,1.832662524,1664958.623,6.695046587,14875345.36
515,1100.89047,1.839881926,1526884.723,6.73332233,13476042.71
516,1102.53779,1.864940742,1324901.088,6.635657932,11020193.91
517,1112.06115,1.681567607,1215101.707,6.742086688,12851438.08
518,1118.00933,2.089181215,2914445.962,6.991289507,17287016.49
519,1157.78113,2.364116348,3022530.987,7.158054865,24156452.46
520,1162.34616,2.485281275,2657172.562,7.018356759,19122311.0
521,1186.5578,2.325242545,2748130.764,6.868391178,20585240.47
522,1169.34005,1.904766079,2322354.964,6.843817369,20796122.55
523,1209.64766,2.491768131,2069470.862,7.013813625,21174194.3
524,1210.70672,2.046570458,2669797.015,6.777084141,26137266.71
525,1238.76547,2.066599981,2484304.965,7.034666233,24247093.28
526,1307.74311,2.42531105,3366705.688,6.973262968,36501034.45
527,1338.60967,2.164958861,4289131.295,7.132597847,42219512.41
528,1364.7722,1.954980805,3398245.293,6.7923532,27740702.76
529,1358.5352,1.726908384,3523937.317,6.903272999,33975394.63
530,1381.24574,2.101839361,2872293.898,6.937809012,25797091.45
531,1381.24574,2.107006213,2869801.725,6.940200922,25797091.45
532,1381.24574,2.110004406,2868361.176,6.941583516,25797091.45
533,1334.43955,2.223008081,1941367.963,6.844827812,16894456.31
534,1244.64038,1.73541731,2135854.193,6.694752283,27292270.5
535,1266.65721,1.561913758,1589160.274,6.640361054,19438245.74
536,1298.08393,1.819756565,1802199.397,6.750530722,19380168.42
537,1274.55957,1.537608632,6262806.959,6.99821624,34061278.61
538,1292.76036,1.87930214,3966419.31,7.000763815,22239864.34
539,1292.76036,1.892449991,4054001.651,7.015048882,22239864.34
540,1292.76036,1.892449991,4054001.651,7.015048882,22239864.34
541,1314.79063,2.225097702,4488671.887,7.022477681,28334961.52
542,1300.70517,2.043571677,2687872.045,6.966098704,17762048.59
543,1288.16343,1.874565564,2760251.988,6.782787099,20010003.87
544,1286.73978,2.243051383,3336165.177,7.000265005,18557806.69
545,1305.85749,2.614611385,3662355.345,7.161423574,23337988.22
546,1286.54658,2.223495136,3669379.356,7.034263389,21444535.27
547,1292.56358,2.600267316,3207989.806,6.930726124,20836653.27
548,1280.34743,2.506777507,5674085.533,7.030793955,33400448.1
549,1273.46421,2.216954004,6061908.785,7.120914114,29420760.98
550,1256.60688,2.3523119,4566932.014,7.146451877,27287202.14
551,1220.28389,1.873918829,2778181.609,6.797807438,18805930.37
552,1189.21721,2.119596481,4351132.629,6.949276825,19620039.08
553,1223.41612,2.246118892,4333439.969,6.998454893,22210817.73
554,1259.73074,2.014719783,4939108.63,6.880387876,24633581.47
555,1263.02,2.114568377,5692490.824,7.23644355,27422352.95
556,1252.48524,2.010537915,4062563.894,6.804434592,16808358.91
557,1261.43453,1.891375845,5488149.014,6.913194952,22704537.28
558,1259.34804,1.718343763,3528825.055,6.934709083,19454471.29
559,1237.32009,1.695725828,1838343.661,6.753930474,14546986.75
560,1237.32009,1.695725828,1838343.661,6.753930474,14546986.75
561,1261.21373,1.819976508,2050275.921,6.891558362,15530985.91
562,1250.83782,2.161176137,4102675.85,7.015488614,22280385.55
563,1234.25126,1.997095038,4418888.516,6.855424803,20010822.42
564,1223.15502,1.770830797,2055012.067,6.738423726,11458175.94
565,1234.28277,1.95396499,1736257.672,6.816054474,10676374.12
566,1225.23703,1.811063862,996987.7436,6.63775976,7710255.71
567,1237.15043,1.881830989,1693328.215,6.83114356,13108898.52
568,1224.71029,2.452789156,2471713.818,6.907984706,13129542.52
569,1233.88794,2.043358715,2247727.557,6.909853622,12643845.78
570,1234.55159,1.992389949,2506095.061,6.906654983,11979573.98
571,1222.20187,1.86472116,3304409.51,6.723586113,16344138.66
572,1199.96317,1.96534997,3316238.258,6.85770043,15573176.15
573,1198.43827,1.759989336,2307130.458,6.829699982,12438132.61
574,1172.38941,1.778434075,1888105.733,6.82791473,9775437.11
575,1152.86792,1.639766447,1940420.268,6.789889545,15565588.4
576,1152.86792,1.629261102,1941575.794,6.789118617,15565588.4
577,1104.76493,1.964563743,2857010.401,6.739290878,17047440.84
578,1106.40313,1.707411604,1629298.058,6.827478112,10733960.31
579,1112.65255,1.623471728,1151709.392,6.687338033,10057780.92
580,1108.40285,1.825000898,1340705.596,6.725513476,11150177.43
581,1101.99982,1.622091539,1340441.565,6.694567766,8729323.49
582,1171.21276,2.016060299,2290605.22,6.772044029,17973263.96
583,1137.06772,1.635376262,1601073.287,6.64962128,13268002.13
584,1164.01607,1.815460969,1375936.631,6.812756215,13185863.15
585,1155.32385,1.550713344,1112881.149,6.592162036,8992063.45
586,1146.12988,1.52969928,877944.2647,6.590379889,7807261.63
587,1154.69597,1.914645819,1070564.885,6.788042829,5811188.99
588,1145.16293,1.766740595,1212052.619,6.674105996,8524301.35
589,1146.53622,1.782834689,906618.6451,6.49113249,6526624.47
590,1140.4969,1.743727479,1340041.78,6.847999407,6597161.14
591,1113.50586,1.979711038,1885798.753,6.922475409,9619728.31
592,1101.14368,1.84643695,2216692.67,6.637869387,10254003.95
593,1059.08116,1.949699833,4636095.521,7.153934588,28051653.97
594,1053.49282,1.753414934,4830697.127,7.111261541,25403069.38
595,1063.63787,1.89992826,3872655.512,6.987618963,18862970.19
596,1119.06817,2.198398943,1704579.994,6.913790379,17892737.27
597,1112.46704,1.30364821,1406137.526,6.6538503,11346529.9
598,1103.7833,1.485788991,1454605.17,6.823671377,9634317.32
599,1110.26814,1.614638885,2235286.686,6.803108206,11773572.95
600,1117.23059,1.490557913,2669853.151,6.877372087,12811116.64
601,1084.57273,1.377298138,3199602.193,6.878301842,16435769.52
602,1121.98392,1.588895803,2651656.394,6.87565154,22570063.29
603,1133.49611,1.650303729,1972478.606,6.653584605,14214993.4
604,1149.85928,1.490111523,1136017.287,6.600096935,9620655.22
605,1157.51206,1.655447303,1127921.493,6.345565349,6599304.31
606,1175.30614,1.45656795,1869403.341,6.759473632,10275555.28
607,1178.00895,1.560787994,2578645.481,6.624668359,14696071.85
608,1145.84014,1.453501374,1704281.44,6.673243397,9663518.62
609,1145.84014,1.453501374,1704281.44,6.673243397,9663518.62
610,1156.26563,1.50584331,1343280.521,6.702829195,9075412.25
611,1179.60903,1.712494746,1570590.917,6.743549994,13247202.63
612,1216.43635,1.615644813,2091632.86,6.875125943,16548636.51
613,1234.57341,1.871856947,1639057.581,6.772231043,17799975.65
614,1251.82799,1.979443956,1882443.823,6.86737759,20152131.57
615,1261.62381,1.443180134,2087594.373,6.737052245,15289889.29
616,1221.40453,1.467247574,2159505.338,6.773160849,14397763.8
617,1228.96514,1.637388149,1250116.182,6.579086542,11630537.76
618,1189.92499,1.36350961,2672004.477,6.792324587,14390052.97
619,1187.54351,1.400350186,1897174.222,6.789252476,11860239.99
620,1111.44774,1.037202665,2433136.708,6.625046798,16635322.93
621,1089.5963,1.029190307,2039509.669,6.590537341,11484100.99
622,1106.57176,1.166503173,2849982.399,6.75714117,17682689.86
623,1134.76642,1.28375498,2217382.455,6.76889322,15725038.57
624,1138.92476,0.940188448,1691624.896,6.534190048,10942325.39
625,1124.82365,1.081244754,907295.9137,6.392558942,6677462.41
626,1115.02202,1.101198405,1371703.269,6.665597815,8396365.31
627,1096.77868,0.963571012,1548699.239,6.675795515,11209976.23
628,1118.2482,1.245681906,1731459.875,6.619757093,12604218.22
629,1153.72611,1.165531584,1981148.165,6.621754631,18871301.67
630,1157.03275,1.38973013,1964648.739,6.757356887,17438190.58
631,1222.89461,1.328727512,2250547.723,6.62723085,22640724.56
632,1194.16585,1.288960387,1602790.293,6.688693225,14901829.12
633,1191.41932,1.214775268,950464.7044,6.516301135,10137234.78
634,1208.22514,1.319927244,1338794.775,6.481464917,10111766.47
635,1181.88665,1.203567833,1181425.95,6.395320629,8936698.82
636,1181.88665,1.200409013,1175201.909,6.390236589,8936698.82
637,1163.58779,1.226765944,1918679.041,6.720052351,11014025.35
638,1138.34567,1.273502449,2033254.884,6.772840814,13821431.75
639,1119.05575,1.282600634,1159698.824,6.649493871,9236519.05
640,1077.47909,1.272226625,2345364.081,6.953052467,21017514.5
641,1011.52422,1.05704286,2466822.098,6.704027279,20890370.58
642,1002.95457,1.00818042,1533909.316,6.44363017,13128957.18
643,1061.99767,0.985415962,1429699.458,6.571777591,11728809.3
644,1103.10561,1.091820316,3445297.795,6.740625366,23865669.47
645,1108.12402,0.943562784,2727794.799,6.666031281,15251226.55
646,1108.99368,0.941028245,2364917.138,6.540091447,15245270.01
647,1089.41947,0.929612427,1835324.226,6.579406839,12298572.16
648,1094.3773,1.024069646,2198567.383,6.610201062,11380422.59
649,1113.27843,0.932902261,1748109.296,6.643951461,13338973.66
650,1120.18266,1.109784827,1399460.568,6.611279865,9071140.86
651,1123.80538,0.909021902,426913.3178,6.255456854,3369607.66
652,1146.76557,1.176826842,1295590.667,6.739535743,10618213.56
653,1151.97837,1.068261621,2005652.078,6.69449484,15745252.14
654,1150.45847,1.09569448,3896990.131,6.917287305,21263261.79
655,1142.21421,0.873270216,2854852.926,6.564188822,13425890.89
656,1113.6832,0.864134943,1079137.445,6.276601563,6965213.45
657,1108.19761,0.927269228,1354887.06,6.506444095,10485679.73
658,1095.62591,1.008026321,1591673.668,6.622211625,9703542.49
659,1108.70998,0.99917166,1846236.634,6.627539939,11027132.54
660,1091.78615,0.951588187,2020147.653,6.564038999,11143663.85
661,1057.08242,0.979376646,1851607.77,6.639902535,11801123.63
662,998.36989,0.797131797,5554495.337,6.69706727,31772985.65
663,989.25741,0.794024697,3205904.778,6.574237237,19363034.74
664,967.96069,0.692912872,9336059.691,6.91329608,49004996.42
665,1024.6923,0.715009932,5629674.289,6.956150849,36636304.84
666,991.66093,0.802808109,1890538.609,6.564478543,15224035.5
667,1015.82307,0.753573213,1590861.475,6.698545005,16734148.29
668,1020.32709,0.840713753,1643168.094,6.645471726,15482215.49
669,984.76648,0.770019824,4680895.233,6.972488434,26598336.37
670,1013.91717,0.805745919,4186097.377,6.654462738,25751023.42
671,1035.71091,1.010488187,4951186.491,7.048628627,25943635.04
672,1033.57655,1.036119089,3539887.512,6.918928906,22568037.85
673,1067.9287,0.945676791,4150150.57,6.763674159,24292752.12
674,1100.10781,0.974424466,2541578.054,6.593977482,17475781.37
675,1090.41725,1.031095921,2034482.477,6.851221406,15547617.27
676,1090.41725,1.031095921,2034482.477,6.851221406,15547617.27
677,1067.60093,0.931261072,2269154.452,6.720932882,17477613.44
678,1071.44003,0.916701076,2959539.2,6.858967836,17999077.76
679,1088.71124,1.013036944,2816358.14,6.788120404,21548067.21
680,1104.55528,1.142973274,1901962.051,6.819259778,17337974.82
681,1100.80497,1.013726175,1250123.29,6.768622296,12541976.97
682,1101.54609,1.243479873,2340382.377,6.877779037,16741249.47
683,1086.29187,1.257902334,1808280.907,6.842056344,14484177.52
684,1112.60565,1.367957555,1751912.324,6.890810685,15620900.32
685,1148.32945,1.465422177,2294104.241,6.876583771,22826895.4
686,1255.55812,1.466543259,4426141.742,6.941817156,51889390.0
687,1259.72215,1.404585241,2289815.811,6.818719671,27513912.55
688,1361.51944,1.387319869,4285822.981,6.929917692,52481862.14
689,1346.47492,1.378798657,2640235.929,6.774458534,34837386.76
690,1374.8988,1.370478496,1969734.174,6.728459499,26111240.33
691,1368.8221,1.459068446,1596957.29,6.72933525,21482335.5
692,1355.12347,1.4495047,3489350.502,6.776097318,29035285.22
693,1374.19577,1.33923814,2334365.456,6.756778419,20819094.17
694,1385.79526,1.307043834,2596189.726,6.893165418,25000329.88
695,1385.79526,1.303451776,2577880.778,6.886317741,25000329.88
696,1391.92816,1.452483333,1574852.738,6.804511361,20198207.18
697,1414.46137,1.335368503,2046568.586,6.800253177,18803105.55
698,1441.32875,1.532518219,2576416.907,6.94077832,31462608.0
699,1462.24596,1.57696532,2905764.341,7.056656183,33886219.7
700,1471.29008,1.53353917,2220525.634,6.915304592,24897208.8
701,1515.26328,1.559722404,2362124.946,6.743603271,27707597.5
702,1511.48583,1.822949534,2658070.968,7.036164851,33305644.1
703,1495.14683,1.515295647,3229651.311,6.95737389,33784008.81
704,1489.47085,1.503989429,2271272.412,6.855433896,27305685.67
705,1535.71443,1.851762892,3784749.146,6.987247068,49653788.2
706,1427.46872,0.98847746,3160989.281,6.609532919,44102683.71
707,1391.95489,1.300635291,2940931.152,6.774096039,25052171.37
708,1351.85239,1.34530733,2519979.396,6.762604545,23433185.12
709,1398.78555,1.267697365,831794.483,6.44921132,13680146.95
710,1398.78555,1.258227855,832170.8924,6.44282964,13680146.95
711,1390.97103,1.20118903,2109310.469,6.722827767,20384441.1
712,1372.33983,1.152481261,1633184.022,6.747911049,15529194.17
713,1352.82131,1.198338865,865548.2691,6.619061893,11936982.6
714,1336.38403,1.317050699,2882649.972,6.907101685,20350542.21
715,1386.05,1.041418431,1237287.002,6.600328637,14527292.74
716,1386.05,1.032859734,1227090.544,6.592563502,14527292.74
717,1386.05,1.029269321,1222762.593,6.589267542,14527292.74
718,1419.42724,1.238003596,2020232.507,6.671917735,23483569.55
719,1398.62366,1.262452629,1203070.299,6.689789719,15774845.55
720,1360.68844,1.172289733,1196085.847,6.650063066,14138896.1
721,1310.32978,1.0123008,1317588.532,6.652431886,14934200.94
722,1306.38261,1.309915074,1502744.593,6.707436976,14431374.8
723,1281.8025,0.916027854,1245791.569,6.582538391,12400332.5
724,947.0924,0.92289719,906810.7664,6.501049605,10230787.2
725,909.37406,1.041400655,1414512.328,6.728083484,17406588.2
726,921.40914,0.915965089,1025780.839,6.458926269,12083483.56
727,928.30212,0.925854548,1169824.642,6.710481547,10523824.62
728,975.77527,1.062680216,1023560.443,6.72576895,11451906.51
729,975.77527,1.062680216,1023560.443,6.72576895,11451906.51
730,975.77527,1.062680216,1023560.443,6.72576895,11451906.51
731,955.29925,0.875410871,690984.3805,6.554954156,7752634.0
732,958.49211,0.874053845,456849.6414,6.317360127,5923038.66
733,964.72668,0.936383797,672711.8179,6.616030571,8958671.13
734,964.72668,0.936383797,672711.8179,6.616030571,8958671.13
735,964.72668,0.936383797,672711.8179,6.616030571,8958671.13
736,929.55951,0.920183847,937612.7824,6.601404641,9709591.47
737,903.18537,0.904040732,503999.0763,6.463160484,7262412.64
738,885.4626,0.863828765,749549.3418,6.624106745,7263297.86
739,884.79456,1.104791215,916227.8351,6.643506458,7851937.35
740,882.53557,0.939601299,823245.2941,6.497455031,8822336.98
741,870.80706,0.871276533,939245.7879,6.43215955,9737519.15
742,864.58997,0.945082466,2553018.673,6.637258964,14079915.91
743,841.31141,0.783876305,1258780.687,6.526523181,12429149.77
744,880.22746,0.778468074,888824.9093,6.489323195,7755248.42
745,818.66443,0.917388373,1140114.716,6.6492847,9517989.35
746,799.74154,0.892458474,532459.9771,6.28773065,4750548.86
747,801.74645,0.765958381,1073676.41,6.622601605,8082385.16
748,766.69995,0.737944494,1506898.613,6.521921973,11064035.81
749,801.35805,0.84441373,1070662.139,6.557656486,8187864.46
750,848.14527,0.878415259,1450995.85,6.660179587,12237740.79
751,849.62748,0.768392349,584677.3981,6.481192243,6487666.72
752,858.1828,0.950508648,1391186.642,6.74011712,12476308.51
753,875.40818,0.938943347,1025471.205,6.700113427,10580917.35
754,884.6865,0.989902693,1862046.95,6.832500542,16321792.92
755,915.83684,1.01544699,887994.616,6.586527407,9827517.49
756,911.41122,1.009207849,791548.807,6.634215225,9287092.64
757,895.24477,1.208390238,1057401.921,6.722221456,10905266.94
758,886.86604,1.092060578,946173.7171,6.588171693,8510091.32
759,905.95707,1.219857514,1735281.58,6.761110486,13237253.31
760,894.25936,1.25169229,891470.6442,6.783761914,9460658.64
761,894.25936,1.25169229,891470.6442,6.783761914,9460658.64
762,894.25936,1.25169229,891470.6442,6.783761914,9460658.64
763,906.56639,0.880402945,793807.4773,6.541846045,8824599.48
764,852.6078,1.085228284,1502585.233,6.857665031,11651093.25
765,857.64658,1.161328612,936412.3608,6.809327234,8982180.49
766,868.18594,1.106881563,432674.7625,6.537266128,4988209.4
767,877.71407,1.299857827,1008621.775,6.673864326,11391960.98
768,902.28361,1.50504694,1739866.029,6.877149469,15775992.53
769,897.17521,1.326676012,1397502.495,6.734582521,14485896.59
770,889.16675,1.269470487,911125.0403,6.796144607,10145448.07
771,916.38691,1.0866367,1979260.324,6.819810542,16362227.45
772,916.62529,1.122147649,1032055.844,6.746898991,10272822.0
773,927.24133,1.014912713,1602388.801,6.7668662,15041164.86
774,950.242,1.135158215,1483257.42,6.827254789,16619270.02
775,943.76083,1.040858576,1941716.095,6.864962086,18988561.77
776,922.97344,1.406733223,1437296.868,6.898028518,12929195.8
777,923.25141,1.285739525,1667422.475,6.850829839,14846640.75
778,924.74417,1.029481379,1404969.347,6.667647989,14712451.03
779,936.27327,1.14454354,4284107.154,6.9399357,21456235.87
780,912.87258,1.040894179,7274190.591,7.035103058,28185581.58
781,891.03166,1.174778087,2477681.291,6.929839892,13614842.45
782,898.6794,1.019529159,2645873.74,6.783546877,13240823.34
783,894.97554,1.048947226,2029606.147,6.879739051,11984942.48
784,884.50834,1.156183493,1881776.34,6.867519613,14523301.36
785,894.2116,1.010173402,2023592.715,6.754326384,13392090.11
786,873.41493,1.03505807,1051746.623,6.730404661,11434222.82
787,871.13965,0.908162733,2324528.488,6.852938681,14686076.53
788,890.02497,0.870286147,1180638.685,6.674666233,9719378.38
789,881.60536,1.049257798,4547864.742,7.026994892,19264436.0
790,892.52842,0.945600289,1066956.022,6.681583992,7524951.28
791,909.23178,0.761864139,1444891.067,6.775466516,9486126.54
792,911.87682,0.769476167,1492644.287,6.602399736,7517975.29
793,885.67368,0.618131838,1077758.532,6.671921688,8075456.17
794,885.67368,0.618145045,1077952.368,6.672049411,8075456.17
795,885.67368,0.618145045,1077952.368,6.672049411,8075456.17
796,897.50182,0.7454551,1950649.915,6.700033904,10044091.45
797,874.29015,0.850315583,1725600.908,6.788608332,11146532.7
798,877.21335,0.977845701,1988283.577,6.826573053,12171842.53
799,896.30533,0.897042877,1277205.036,6.824189508,12760297.53
800,900.35877,0.855616042,1124914.215,6.68364063,8386634.3
801,883.57874,0.830642284,1192030.613,6.464207985,7487766.99
802,862.72101,0.84921291,924298.1735,6.622867477,7597423.73
803,843.07587,0.846028535,1649379.356,6.929300649,17679094.64
804,818.24874,0.829987679,1036908.697,6.763916473,9928442.95
805,838.29795,0.87969007,1354316.792,6.865780619,9039825.69
806,826.36242,0.89100402,1367686.99,6.899049777,8043102.05
807,851.29487,0.899615526,2969084.945,6.863483315,13378547.34
808,904.85515,0.987698419,3486716.709,7.124864195,18630354.73
809,905.02929,0.883024536,2377898.134,6.86966592,12338252.65
810,908.32413,1.080195363,2090344.628,6.780308248,10220763.54
811,925.70356,0.9253586,1852535.778,6.724873572,9840213.53
812,962.63776,1.017824807,3019113.615,6.980750175,19273479.71
813,955.67392,1.147986949,1970583.32,6.922320826,13742580.12
814,954.39299,1.033458855,2004409.098,6.812361578,9693484.15
815,939.85375,1.155668847,2688119.749,6.988869416,12320919.77
816,903.7742,1.0484048,1103664.066,6.681605016,8817432.83
817,922.22347,1.114236841,1226961.971,6.761439348,7611679.66
818,929.92952,1.131043701,1522514.792,6.840405906,11070539.07
819,925.61839,1.170377491,4426042.866,7.040665002,15006533.37
820,918.66924,1.068352607,1557867.067,6.783734862,8601389.77
821,910.9929,0.997100896,1081767.282,6.69651306,7694841.45
822,892.62322,1.111267577,1949360.36,6.903819931,11450404.83
823,894.01505,0.979002876,1464822.861,6.769270995,9638797.78
824,908.00281,1.045380696,2320403.497,6.800504589,12814521.86
825,912.48814,1.066293018,1091770.946,6.821424466,8783714.88
826,912.39166,1.031213152,2793506.881,6.667311198,11949597.88
827,913.90256,1.131772335,1771623.907,6.994422546,10734514.16
828,921.6464,1.050948479,1372045.396,6.699828862,8506779.7
829,908.79473,0.99872784,1426644.895,6.780154449,11984832.85
830,904.76726,1.071734566,2155933.642,6.70263182,10900951.24
831,902.26299,1.049331953,872572.3242,6.697704672,7706722.86
832,891.38149,0.959986936,789635.8291,6.631256703,9440408.18
833,884.89637,0.965786675,1679324.459,6.700519774,11152447.01
834,875.49486,0.971422435,2220475.513,6.92022894,14606237.69
835,880.96201,0.969298567,1325498.315,6.70646425,13376535.87
836,879.03813,1.007772256,1206322.106,6.934536676,14206280.91
837,869.77843,0.972545607,1117402.503,6.695684392,13354798.15
838,869.77843,0.971938223,1116478.436,6.695171405,13354798.15
839,902.29019,0.970846538,920899.8353,6.636235682,10459199.92
840,912.91963,1.087420166,1097950.975,6.739215031,9745611.91
841,915.91196,0.95032394,512239.5446,6.368243262,6054421.19
842,911.07619,1.525223905,1133977.467,6.652276875,13540012.35
843,908.42896,1.044282893,1329904.21,6.61994944,15610652.81
844,914.03562,1.207575735,988800.7005,6.722996294,17457141.29
845,920.58446,1.208161772,702454.82,6.627955257,9925326.09
846,927.68085,1.185630247,994642.7319,6.797306897,10268799.39
847,949.42283,1.271982082,1298104.531,6.920502018,16124508.46
848,962.01612,1.442654094,3639280.129,7.099102968,19571654.73
849,955.80079,1.358215113,853661.5549,6.808152456,10665400.7
850,953.16113,1.46799401,1223804.462,6.845919376,11742153.11
851,949.76087,1.548993144,1112686.57,6.669786929,8698137.3
852,948.61002,1.359425,1897863.043,6.806179302,11977641.63
853,950.49316,0.998920977,1003964.825,6.770804482,10069901.66
854,938.52833,0.862763324,1818023.689,6.789419642,14442802.03
855,938.52833,0.876476699,1858705.676,6.804748101,14442802.03
856,938.52833,0.884193148,1881042.42,6.813164303,14442802.03
857,960.37992,1.052767039,4087696.866,7.123949919,31581881.42
858,958.21199,1.079970341,2161671.736,6.965505364,19255147.49
859,970.48753,1.15858467,3209867.941,7.131041446,24149574.6
860,915.84486,0.992797214,5417422.337,7.177563654,40515935.24
861,896.83931,0.938077954,2343324.128,7.067507099,21084221.22
862,924.34347,1.33955642,2561588.858,7.06743691,16788295.14
863,951.09689,1.497664693,2683964.095,7.097710117,18997815.32
864,953.9581,1.539295154,1304737.759,6.841959754,16431851.47
865,967.28056,1.757614306,2877628.586,7.072334898,20793928.94
866,983.15162,1.423480007,629330.6214,6.583423551,9940732.09
867,970.05391,1.407153077,3335151.405,7.082228556,19804172.85
868,975.9836,1.486892438,2162661.997,6.870297755,12320651.71
869,981.09164,1.469262313,1726484.613,6.832746473,13433722.69
870,981.09164,1.481921542,1749571.92,6.839314937,13433722.69
871,984.95242,1.53788404,3350045.041,7.122084527,19620830.09
872,992.63718,1.515574776,2810302.795,7.007951317,16905954.37
873,1003.39346,1.333808206,1428807.126,6.868999837,13530775.54
874,1009.59169,1.469393962,2781546.043,7.110302703,18191446.83
875,1001.50911,1.452539633,2306191.888,7.082648396,20145587.84
876,1004.36358,1.477743775,1693225.193,6.830303596,18217845.0
877,989.40847,1.77822947,2272129.536,6.959469061,20302710.09
878,1010.98107,1.492950834,1074077.171,6.745489577,14811896.63
879,1000.62203,1.493737857,1236936.924,6.752427088,16727631.45
880,1008.24005,1.434667885,1253805.621,6.862594192,10640833.8
881,1007.78449,1.593062094,748508.2181,6.704059352,9292457.86
882,1003.43941,1.524329867,989644.8969,6.890241521,11687894.39
883,996.67582,1.584932155,870708.3049,6.652282314,9565041.17
884,987.19579,1.757445026,1071077.736,6.827693474,8901161.32
885,995.10086,1.5796381,4675669.61,7.032311415,17182254.52
886,984.67005,1.550199941,2052808.115,6.97569423,10864344.68
887,972.66267,1.524553053,1323141.353,6.634863208,10956637.27
888,989.46808,1.255110469,1384893.264,6.678498011,8917155.07
889,993.68853,1.381980843,1214623.396,6.812180686,10307174.3
890,983.09014,1.502166592,680537.3041,6.695503706,8076999.03
891,979.32611,1.500136806,1007631.597,6.792195001,7005481.73
892,985.23855,1.52371895,1466529.986,6.918159868,10324626.88
893,985.42572,1.450887796,1033936.004,6.739736623,9494536.37
894,981.64561,1.577495151,969692.5836,6.837613345,8743722.69
895,969.05237,1.563627703,2481032.89,6.986114271,13049477.68
896,969.05237,1.574932114,2511155.475,6.994700491,13049477.68
897,951.96559,1.720155144,6304962.098,7.275079249,20590842.24
898,958.61989,1.577186776,3851458.468,7.107274429,13631710.33
899,949.33164,1.486805519,4173784.888,7.234854798,19094486.74
900,954.60873,1.959143276,1569511.114,6.972554283,11431246.0
901,962.96655,1.764345386,1491297.108,7.021570348,10803499.27
902,988.27996,1.599050155,1361401.992,6.853136504,11828423.96
903,988.5174,1.358568656,1308865.852,6.907041557,12073313.41
904,992.35725,1.463911623,1100231.255,6.958930574,11078222.79
905,980.0067,1.337909353,1470739.524,6.794085214,9325018.95
906,976.18322,1.71396538,1997799.675,6.923363317,10512212.89
907,967.77664,1.81217938,1032400.46,6.795700418,9986080.84
908,970.91257,1.458005361,2083761.906,6.865447412,12402883.57
909,981.96998,1.548751781,848250.1563,6.772283294,8530161.15
910,983.68463,1.538810014,1602544.963,7.005615335,8420273.13
911,973.30731,1.684187367,1032665.623,6.733910297,5819340.57
912,993.98111,1.709719226,1333565.22,6.963371571,16496262.63
913,996.76057,1.800751286,947407.2097,6.970710037,12023085.01
914,993.4442,1.782028593,2515957.832,6.993567982,13801981.14
915,971.40268,1.758337195,2450016.755,6.920454592,11871787.81
916,978.78343,1.752333705,1192492.387,6.940582482,8497104.21
917,963.08244,1.319144461,3425461.485,6.928310543,15323052.16
918,960.51579,1.593065331,2171351.961,6.880966156,9162269.24
919,972.40081,1.892883494,1402029.027,6.861085781,11372947.73
920,971.6072,1.178348113,690745.5206,6.756884068,8789634.61
921,984.45514,1.715763959,847142.5531,6.652965614,13501351.62
922,986.21773,1.603688815,1321251.929,6.865408738,13037320.71
923,999.70861,1.540851595,1624502.226,6.90756956,13025558.07
924,1025.48247,2.086389916,1187992.355,6.931955295,17599965.25
925,1019.62197,1.754663546,1085473.894,6.73268755,12271587.12
926,1016.78505,2.031431405,934038.7307,6.868631743,11896596.77
927,1015.93201,2.059261491,1619784.058,7.016996098,15999723.62
928,1028.4344,2.044157159,1923366.142,6.847307714,20537868.28
929,1030.32946,1.886973019,2431050.879,6.977308356,24279953.02
930,1032.40457,1.720697544,1143586.134,7.017999651,15281745.45
931,1043.10162,1.982411595,1671885.366,7.129473349,14435933.49
932,1047.17832,2.068172385,1040607.963,6.869461751,15575479.45
933,1051.24337,2.408925437,3397162.495,7.091518465,24278238.26
934,1044.96548,2.534110455,4906899.201,7.244049016,22232349.03
935,1041.89453,1.958290461,3696038.394,7.093372171,19183582.32
936,1041.89453,1.969244806,3738085.256,7.100668582,19183582.32
937,1042.88358,2.160934632,2283385.747,7.153195949,15566666.91
938,1050.34408,2.004427108,1069990.085,7.043614434,11478916.99
939,1046.24216,2.16984881,2587834.064,6.944975799,14975928.58
940,1054.90954,2.536950995,2926838.422,7.081165801,15453952.92
941,1062.59821,2.965235907,3172706.227,7.114089365,17492017.9
942,1069.13546,2.826938842,6951040.764,7.534550544,27844723.27
943,1085.52189,2.495877032,3109177.598,7.183352062,33790846.97
944,1087.48838,2.058678471,3720538.888,7.081761672,30156767.81
945,1096.26859,2.134516679,3118905.045,7.234219285,25241674.37
946,1102.80683,1.941308747,2400329.857,7.128268849,20214795.8
947,1100.32651,1.572626754,2476835.598,6.889015766,22019039.45
948,1084.32528,1.849028039,1716803.442,6.933166659,19790531.08
949,1080.03627,1.872761806,1076933.196,7.001948029,14664069.85
950,1069.33379,2.025146912,1111506.01,6.731831207,14200752.88
951,1058.76584,1.587570572,3565289.022,6.927121066,17909824.21
952,1037.92138,1.955598892,3633706.154,6.893834213,23907342.53
953,1022.71362,1.918869512,3679400.264,7.054146243,22778480.57
954,1014.97052,1.659978075,3212790.376,7.004788266,19048333.68
955,1020.86035,1.140825807,1351599.678,6.834775216,14343157.52
956,1043.3854,1.804911358,2410457.456,6.957331775,18861051.88
957,1041.39179,1.879929688,1841245.903,6.904373812,18104203.16
958,1031.88283,1.463134278,2879935.479,6.927924546,30065206.89
959,983.08505,1.576972024,5112956.33,6.974987132,34015871.41
960,936.67107,1.24331918,5315248.217,7.135104436,39552594.11
961,911.30978,1.5273184,3387569.441,6.929958339,30189474.99
962,965.48065,1.675088493,2622494.938,7.022111142,20060743.42
963,975.26221,1.434008193,2570638.168,6.934171558,13091346.8
964,978.39121,1.488701067,5813755.344,7.068431066,19959584.01
965,971.81765,1.527753588,1320444.854,6.807015364,8970491.44
966,1001.25156,1.663560557,1654742.578,6.911471597,16941755.48
967,1026.6576,1.914887612,1684062.301,6.891676226,21120425.4
968,1023.78018,1.545060193,1151643.861,6.706196923,14844632.11
969,1024.81855,1.901673587,640074.8919,6.806694655,8497409.37
970,1013.47932,1.556236595,1060234.592,6.663833931,10709003.9
971,1013.47932,1.56085747,1064166.32,6.666978098,10709003.9
972,1000.53842,1.594727649,1643447.805,6.776680998,16948629.54
973,991.34955,1.83897753,3186307.476,7.024301017,20543567.82
974,968.76356,1.977859515,2996969.609,6.916143462,15922861.71
975,952.8784,1.720592351,1481106.785,6.775792485,14587141.48
976,962.20654,2.254513227,1350890.734,6.739667322,13302337.37
977,970.26329,1.944345387,987261.7046,6.682463709,12339703.54
978,962.64866,1.862817781,1203244.008,6.889873328,14500031.51
979,962.64866,1.864073484,1203904.917,6.89044589,14500031.51
980,962.64866,1.863119885,1203403.095,6.890011148,14500031.51
981,951.96595,1.81472655,1698929.196,6.948069142,16477319.65
982,959.86485,1.940395501,2132617.48,7.136432632,17869584.79
983,951.1308,1.295103652,1694720.213,6.822184887,13958536.34
984,942.36009,1.827803244,2059812.749,7.136705633,15483833.98
985,937.38739,1.756078335,1981341.642,6.974872181,14228480.86
986,908.10175,1.69959857,1673643.026,6.801127634,15847728.9
987,910.23574,1.628315843,1132969.205,6.906800299,12703525.24
988,947.53464,1.640068671,1545173.34,6.95404237,15426682.18
989,940.89692,1.485178624,872416.9816,6.698967567,11048018.82
990,952.25823,1.133392435,549555.75,6.5085025,9897482.88
991,922.54545,1.461832706,994606.3072,6.498288152,9078172.88
992,950.47968,0.832509772,847369.304,6.596427173,12811939.94
993,943.6149,1.11730215,781320.2763,6.628136726,11010436.66
994,957.74418,1.407489261,1233235.218,6.766079296,16117697.74
995,957.74418,1.407489261,1233235.218,6.766079296,16117697.74
996,1005.57055,1.941580045,1058655.99,6.671073999,13382991.05
997,1018.11669,1.580451876,2329818.564,6.955868762,24239318.71
998,1021.76246,1.953146528,1365175.733,6.995249672,18051715.45
999,1031.44409,1.973131888,2056160.103,7.062633206,25130545.91
1000,1050.14802,1.79764315,917609.7428,6.739418398,19309197.8
1001,1059.06227,1.776870602,1472833.83,6.869457553,22842465.94
1002,1080.79788,1.944779327,1945194.686,6.823471753,33691631.1
1003,1054.72655,1.975142423,3004361.972,6.859957251,42165287.59
1004,1060.45273,1.93429702,1940421.26,6.866316739,25431264.79
1005,1081.58215,1.954050938,1245878.407,6.911108714,17257240.25
1006,1086.31095,1.839517847,609313.8536,6.557084255,9265531.13
1007,1078.0188,1.839211163,1020132.116,6.648588009,18057818.48
1008,1073.08987,2.210101632,1151443.392,6.834344659,26899780.99
1009,1062.14607,1.841567997,1094634.343,6.681685144,24628191.7
1010,1087.88648,1.856344308,976371.545,6.842870587,28832170.9
1011,1114.55595,1.963441729,1619652.046,6.858726509,31385204.65
1012,1109.84268,2.385071379,1556716.165,6.748237649,34064257.91
1013,1113.43848,1.988994056,1883884.148,6.917456824,28286903.34
1014,1102.66122,1.974687436,1103453.738,6.743930157,26269561.84
1015,1108.02339,2.318420915,724777.2525,6.700106796,19445432.01
1016,1084.59867,1.86720099,1769512.994,6.767690348,20894618.96
1017,1107.39967,2.178537012,2974725.127,6.900991198,23688249.2
1018,1123.84672,1.946551029,1645804.54,6.714163343,20764217.0
1019,1146.39614,2.008312787,1461877.171,6.827382367,21745643.9
1020,1135.20067,2.232483955,1886284.732,6.947515614,22130727.7
1021,1130.74499,2.301432793,1550254.187,6.899539212,20357373.01
1022,1136.42914,1.380659745,1417726.493,6.885058038,20610957.73
1023,1131.63817,2.331585782,2616741.755,6.923580072,27313375.87
1024,1148.30387,2.193383254,1621056.815,6.912071471,23289353.04
1025,1164.59345,2.222085494,2065027.24,7.06771102,27362990.23
1026,1166.88749,1.989498294,1424520.188,6.869645029,24240133.0
1027,1170.78907,2.362555205,2114000.381,6.951916029,17523461.9
1028,1182.98189,1.915712701,1324383.611,6.933816863,17996783.89
1029,1173.60814,2.330990847,1518079.539,6.822092517,16523456.69
1030,1163.21457,2.209531012,945850.8621,6.908582103,18640816.12
1031,1184.3846,2.648295427,986568.7902,6.720336536,15228285.3
1032,1190.71241,2.450064747,1671152.481,6.938662112,20547803.59
1033,1187.9481,2.232388427,1307824.175,6.757090615,17076737.49
1034,1169.2973,1.918453006,1257318.289,6.646397222,20296883.68
1035,1148.48912,1.980786863,2076131.296,6.839616964,15814470.55
1036,1148.48912,1.980786863,2076131.296,6.839616964,15814470.55
1037,1148.48912,1.980786863,2076131.296,6.839616964,15814470.55
1038,1162.85131,1.595238351,1441717.412,6.682750908,16637804.9
1039,1146.33846,1.723399943,2842052.124,6.799526896,20679865.26
1040,1162.43418,2.063657641,1400246.671,6.943218883,13741382.68
1041,1157.20313,1.756188116,907647.8195,6.664387603,12396695.46
1042,1151.61639,2.072936601,1006352.769,6.920452029,16836737.56
1043,1155.13659,2.092055899,3078463.003,6.874265704,18618068.84
1044,1138.8718,1.965864814,2710394.054,6.941043316,19396114.84
1045,1146.46427,1.816028534,1297829.404,6.859819809,14640728.0
1046,1161.23439,2.051265762,886654.82,6.730080721,12260113.57
1047,1159.23449,1.807557206,2016233.355,6.885825257,14746291.03
1048,1171.91312,1.874453514,2034753.541,6.796025541,18867091.65
1049,1192.89689,1.832170858,2148903.714,7.069262414,21145098.42
1050,1182.7637,1.537364695,1821182.63,6.879032792,16982332.28
1051,1197.33866,1.128520946,1242628.29,6.745947807,15649477.41
1052,1188.86367,1.286512203,2332394.233,6.843036474,21174399.45
1053,1191.05477,1.301762222,1329413.936,6.940114596,14728692.65
1054,1197.22114,1.522207193,1248134.4,6.777300001,16728594.27
1055,1197.22114,1.522923884,1248479.185,6.777740651,16728594.27
1056,1202.45082,1.613240036,1341279.818,6.743759456,23684548.62
1057,1217.36062,2.013034639,2345875.683,7.085125639,23514924.6
1058,1232.50712,1.486509437,1705028.276,7.004463501,24716417.4
1059,1240.14662,1.74749599,1048764.757,6.87475811,18733869.3
1060,1240.51104,1.454092511,1425659.456,6.888798601,25510160.0
1061,1259.72718,1.705080552,1419301.257,6.92415768,24215190.3
1062,1279.92907,2.324324163,1606625.918,6.948225914,26146072.69
1063,1275.70378,2.071462748,1703542.153,6.74548779,27539739.4
1064,1279.89682,1.811436494,1271082.212,6.728151182,22486132.3
1065,1278.03013,2.406836193,1679898.818,7.01668478,19422548.3
1066,1294.30967,2.241181444,1301862.305,6.891191177,28613658.3
1067,1304.75832,2.307888593,1550926.603,6.990643092,21336174.3
1068,1300.06637,1.929683511,1146072.073,6.819264609,19530576.05
1069,1300.06637,1.918694532,1151597.85,6.81570288,19530576.05
1070,1300.06637,1.918694532,1151597.85,6.81570288,19530576.05
1071,1299.52046,1.909919555,1011867.989,6.743858936,16437723.92
1072,1295.39899,1.982231436,930562.0834,6.800262769,17077225.9
1073,1273.14362,2.09622321,1704970.51,6.824794406,17686113.22
1074,1284.02377,2.240159479,1541013.524,6.863808949,17573837.96
1075,1291.61542,2.26811146,1789322.777,7.078422538,20449374.99
1076,1313.88792,2.40505782,2191174.322,7.119473592,25292316.8
1077,1313.60184,1.907916784,1362329.98,6.909914159,21390287.02
1078,1299.94891,1.896713058,978172.2801,6.715696295,18794068.93
1079,1298.35653,2.331884805,2713070.04,7.137542581,27686394.68
1080,1308.43539,2.180110971,2718388.117,6.995251329,23678558.9
1081,1308.43539,2.180110971,2718388.117,6.995251329,23678558.9
1082,1328.36831,2.419560141,1190019.556,6.93103195,21337577.42
1083,1334.87593,1.678153599,961051.3558,6.896070881,19152987.32
1084,1316.73759,2.465162121,1456088.714,6.882944218,21252181.9
1085,1322.3899,2.60276914,1167104.885,6.895047774,17487366.87
1086,1312.27353,2.20183152,682926.7008,6.631588115,14566066.42
1087,1303.52641,2.094532577,1471117.406,7.040702579,15961891.45
1088,1322.61011,2.631499144,2303050.003,7.093726282,23009354.81
1089,1325.2727,2.274615728,1146202.571,7.009710122,17323349.8
1090,1326.20437,2.543635765,2839710.227,7.208527553,21974881.07
1091,1320.70303,3.199705084,2011876.865,7.226125003,18351584.78
1092,1323.95426,2.299582874,1233899.344,6.843760693,19952998.25
1093,1315.6466,1.999059495,1153671.891,6.948081444,17355797.77
1094,1260.80417,1.598782557,9141220.181,7.168648193,40139183.68
1095,1297.82168,2.076228725,3329180.789,7.145695275,25370823.54
1096,1278.88616,1.881141922,1520376.175,6.894603707,15098837.32
1097,1278.67655,1.581692039,1676186.013,7.101149708,16873324.27
1098,1285.76068,1.501816585,1254322.73,6.825156575,26114317.62
1099,1285.76068,1.494785536,1249554.276,6.821174783,26114317.62
1100,1327.6051,1.214381569,2042000.827,7.165669866,38253489.29
1101,1349.88611,1.259417594,1325049.681,6.72254164,28130050.49
1102,1338.68012,1.500852868,1508171.905,6.97558078,33278497.79
1103,1339.38009,1.348016444,1671510.898,6.984988847,27422087.87
1104,1362.25617,1.719785334,1560840.861,6.980599497,24422725.1
1105,1350.08042,2.407882176,1429629.388,7.058254587,22691206.07
1106,1355.1922,1.522171288,1311827.605,6.982603237,20072666.01
1107,1351.10573,1.376144419,1845483.981,6.994063024,22772329.51
1108,1346.04625,1.657483188,1143501.231,6.796964197,19202595.48
1109,1327.55401,1.737382637,1147243.918,6.898936332,18863533.21
1110,1310.87123,1.619599117,1052904.695,6.811542544,18256341.24
1111,1279.33568,2.018703108,1217245.882,6.705829515,20454662.27
1112,1296.12521,1.60592208,1015828.654,6.704314703,14386079.77
1113,1288.90682,1.288941913,1083873.245,6.728875737,20363571.3
1114,1269.2567,1.7302757,2052098.003,7.055569237,23162070.56
1115,1283.14647,1.807403311,1426400.918,6.983316482,18527580.78
1116,1302.27578,1.850126727,1678060.663,7.077380514,26645170.83
1117,1302.27578,1.845927492,1679635.599,7.070823281,26645170.83
1118,1222.90971,1.557224027,2867484.972,6.898177518,58145189.45
1119,1253.70206,1.646136126,1257102.753,6.893514473,23175287.98
1120,1261.1571,1.337583903,788017.4943,6.728209494,15779460.1
1121,1264.76654,1.513080535,971449.5886,6.753925741,18381406.89
1122,1250.68628,1.145731572,923156.9916,6.69169261,17059079.14
1123,1261.84311,1.327356443,983535.7733,6.726977046,20896678.56
1124,1255.14868,1.081286362,626534.9824,6.603192898,15967522.5
1125,1274.82634,1.637456563,2671060.999,7.134426998,29765350.8
1126,1290.86539,1.556042842,1154291.955,6.889593013,24209398.48
1127,1281.66422,1.087283483,511389.1045,6.657999032,15060628.34
1128,1269.32015,1.492860996,1362078.516,6.831105742,28067784.58
1129,1258.54343,1.265765181,1223616.207,6.776046859,25611268.24
1130,1252.35811,0.937672955,1023102.79,6.869305557,16128363.61
1131,1244.37271,1.466784393,1056695.909,6.845372478,15772730.56
1132,1251.32723,1.316885254,1821068.303,6.895466317,20332471.99
1133,1256.83622,1.463016345,2132468.132,6.942678971,17470047.3
1134,1237.73099,1.334600806,1166516.723,6.813833664,23066593.29
1135,1239.21734,1.356266126,1515508.271,7.10811995,24479655.13
1136,1199.75892,1.586181757,915399.8725,6.753197238,22132908.2
1137,1171.76158,1.74410467,1577672.673,7.048062943,28055954.2
1138,1176.6713,1.614425057,1192664.0,6.9213079,17926738.2
1139,1188.07969,1.592662129,913573.4446,6.847424279,13053194.82
1140,1173.95681,1.882333297,1146671.026,6.929845108,19031875.86
1141,1147.52181,1.652549884,999745.5263,6.760985394,16679084.44
1142,1147.56136,1.921830607,1018233.692,6.912408388,15281229.34
1143,1145.8608,1.487957793,577037.1477,6.714546898,12153101.14
1144,1142.23596,1.790815179,905544.109,6.901020413,12626858.8
1145,1152.02166,1.919008295,1406179.123,7.018076455,16530298.14
1146,1151.87177,1.977980325,917341.9245,6.732888355,13457277.17
1147,1156.66771,1.751926759,1255767.833,6.973812296,13544714.08
1148,1171.11943,1.944365407,1592162.01,6.892769448,15415609.77
1149,1169.14719,1.96004697,1378231.128,6.981092657,19389017.68
1150,1164.6685,2.212355785,737493.0509,6.849015112,14511550.5
1151,1144.03971,1.654409315,898349.4394,6.808311616,13785723.05
1152,1131.45409,2.055638222,917453.4699,6.850154649,16249494.27
1153,1111.00799,2.071436763,1152706.522,7.002897592,18432412.2
1154,1130.42424,2.032814957,1767497.398,6.873081717,12735569.72
1155,1161.73968,2.112964783,1541265.318,6.983644843,22897202.9
1156,1266.39739,2.329595656,3077141.854,7.121567044,50817504.7
1157,1284.62509,2.467055434,2526701.288,7.296475408,39766934.7
1158,1285.75246,2.596940086,1371520.553,7.127654668,25436621.3
1159,1267.81473,2.700566366,1306522.826,7.0433348,20645710.4
1160,1276.27226,2.604681133,1501296.004,6.87055241,19559672.7
1161,1276.27226,2.602882176,1498756.021,6.869835734,19559672.7
1162,1275.09508,2.549733188,1207860.239,7.148548885,14145847.71
1163,1295.74832,2.456416344,1338352.926,6.924696306,21624648.0
1164,1309.83575,2.608577189,1285092.985,6.974421041,19410324.34
1165,1310.18387,2.806596472,848485.2232,7.01249361,15510225.47
1166,1312.93165,2.663715589,1096507.731,7.044467854,19020834.9
1167,1301.88677,2.520238689,1058517.036,6.909424552,13400721.77
1168,1303.80865,2.12963578,831203.9489,6.7242236,20439347.83
1169,1310.33142,2.380679049,2341940.782,6.96873397,22122673.5
1170,1320.46417,1.937829789,2223752.434,7.016206459,17277336.9
1171,1320.81969,1.169342,413642.4979,6.683137961,7989418.49
1172,1334.42466,2.497651131,2137111.15,7.139274888,22828182.96
1173,1340.55914,2.965449747,2249343.148,7.168151723,25439765.6
1174,1347.99844,2.71541416,1833869.111,7.2138706,20493781.55
1175,1337.77622,1.613986993,1102462.237,6.85882714,12981218.07
1176,1339.42601,2.288383471,1176965.937,6.987141998,18376282.37
1177,1316.23754,2.017352324,1400922.885,6.835125146,18117979.66
1178,1334.49426,1.17130084,1376294.299,6.989142928,24725726.74
1179,1330.45931,1.685363972,1207286.981,6.900321016,13821459.87
1180,1331.83403,1.640206405,1032389.002,6.942575646,13913123.59
1181,1337.69981,1.323272876,967181.9462,6.840194988,17184113.88
1182,1350.54441,1.424245199,1015946.676,6.92089346,20696095.3
1183,1354.23534,1.963552738,1775133.412,6.875965618,22955318.5
1184,1362.28645,1.787961462,1035434.441,6.943755604,21596552.9
1185,1384.40049,2.131189153,1231849.879,6.932575622,26054828.2
1186,1372.14858,2.722293817,1608491.862,7.009984182,28142320.4
1187,1369.93173,2.839452764,2363483.237,7.153669321,39816374.2
1188,1381.10275,1.860228161,1548158.866,6.779668508,29683869.96
1189,1404.89664,1.915209015,1243494.379,6.905950358,30919379.1
1190,1453.02311,2.228188915,1779801.184,7.06964563,40504336.4
1191,1459.6105,1.804892151,1994119.31,7.058865947,32657099.3
1192,1477.38724,0.324318063,2163984.764,7.017102044,33110749.3
1193,1473.70571,2.233141268,1326121.12,6.845174658,28161773.0
1194,1505.49868,3.109949903,1879467.804,7.231043749,35643813.7
1195,1486.95597,1.671861065,1011437.559,6.841298143,26229101.7
1196,1490.6144,2.25967508,961540.3591,6.82665004,23260351.1
1197,1508.65607,2.730889752,1333173.354,6.963282384,27606614.3
1198,1497.51134,2.739264256,1565790.31,7.074550808,33356453.9
1199,1510.87913,2.406011346,1115620.003,6.973816282,23128309.29
1200,1522.70257,2.540918248,1053435.163,6.993331078,20385605.62
1201,1522.70257,2.540889077,1053435.029,6.993326534,20385605.62
1202,1491.23887,2.113604493,1442882.464,6.831676221,27230171.8
1203,1472.52105,2.674944142,2330967.22,7.214643618,32235270.0
1204,1501.47371,3.070856026,2903735.009,7.327377189,38623789.8
1205,1507.73773,3.180884959,1965021.852,7.249368832,43669371.3
1206,1574.63439,2.169154291,2360837.7,6.998955004,55491977.5
1207,1574.82184,2.67927506,1913156.552,7.027084972,38022262.6
1208,1564.38715,2.021901627,2180160.889,6.9164731,37262962.3
1209,1558.70731,2.216723168,1275064.725,6.907794195,26763505.09
1210,1521.38361,2.261927208,1576885.412,6.953429809,22950459.07
1211,1514.39319,2.507104539,1981359.451,7.024892322,23228137.5
1212,1550.74386,2.000751012,2343840.191,6.892369148,23201899.4
1213,1557.01676,1.759047605,1445499.924,6.916594943,42258808.7
1214,1557.40491,1.72054861,2355395.972,6.902032169,50796761.3
1215,1546.33736,1.411112765,1362488.88,6.825077378,31734516.78
1216,1546.33736,1.406379142,1355236.934,6.823930725,31734516.78
1217,1554.12919,1.705363867,1669880.912,6.798941328,31660065.06
1218,1563.07674,1.260456035,1324054.59,6.809824732,29615882.4
1219,1559.19417,1.409148772,1489795.843,6.781970045,38039272.6
1220,1510.19468,1.396517288,946378.3935,6.539841359,23968515.5
1221,1489.32599,0.733926091,989133.2994,6.651136766,16708352.2
1222,1433.81956,1.30576673,2540693.353,6.755765854,39367366.3
1223,1476.35045,1.364011799,2584043.273,6.782335364,54263338.0
1224,1538.49846,1.36436106,1572472.705,6.80252157,41058722.7
1225,1526.06159,1.276932697,1104159.987,6.568418708,22131543.7
1226,1526.06159,1.276932697,1104159.987,6.568418708,22131543.7
1227,1537.23057,1.348925001,1231651.417,6.627507171,29010708.2
1228,1544.96245,1.462576024,1159098.154,6.764819691,27834258.6
1229,1546.15867,1.277187912,529184.9789,6.500599929,12573205.6
1230,1560.84665,1.575433929,929589.2435,6.699036947,19976681.9
1231,1541.74163,1.361476421,981714.7284,6.729708836,21942983.5
1232,1521.42454,1.115164315,946106.7518,6.735622671,20951831.7
1233,1520.1533,1.075787161,910971.0059,6.675078836,19002860.4
1234,1530.02912,1.172569706,803689.7298,6.573074069,16443929.61
1235,1537.97996,1.22224192,802153.4807,6.597993833,17917421.9
1236,1519.22678,1.525465731,1104460.394,6.654799619,21701005.7
1237,1508.56964,1.533431178,1095010.306,6.61462466,27140222.14
1238,1515.30505,0.988916993,1323442.265,6.653045136,28410481.65
1239,1538.85278,1.103954348,1055981.99,6.596284971,24546733.7
1240,1538.85278,1.103917138,1055728.037,6.596241407,24546733.7
1241,1571.89034,1.790619641,1600930.5,6.9290335,35733817.5
1242,1563.43423,1.719775603,2319387.108,7.202670477,30238073.7
1243,1550.37073,1.450516403,1969329.629,6.811581648,28912715.7
1244,1544.94423,1.385257375,1645756.676,6.839835615,34870352.0
1245,1531.07233,1.392675023,1732829.753,6.998827233,32864742.0
1246,1532.20845,1.88815363,1600806.539,7.013104126,25409011.82
1247,1564.53175,1.750612542,1542426.047,6.809979764,36892441.3
1248,1575.04717,1.995654383,1666481.624,7.068482384,30953719.2
1249,1579.5407,1.698908467,1741906.983,6.844646797,29069118.0
1250,1594.93354,1.500393388,1656095.585,7.050481325,29918589.0
1251,1594.93354,1.500393388,1656095.585,7.050481325,29918589.0
1252,1579.14335,1.814355053,2237834.456,7.039054286,33748102.1
1253,1569.11196,1.714080898,1791933.603,6.956738943,32617582.0
1254,1550.24609,1.535897404,2270173.089,6.961264181,32710940.1
1255,1602.09463,1.527205167,989228.8551,6.738778864,22166018.2
1256,1602.09463,1.527205167,989228.8551,6.738778864,22166018.2
1257,1679.15304,1.435270112,1405680.37,6.855357066,38992933.6
1258,1691.40377,1.095416787,1655563.073,6.80093546,39989950.0
1259,1698.7545,2.466718605,2537272.416,7.041724999,49348081.9
1260,1684.94371,1.925674171,2244463.295,6.972072831,39309668.6
1261,1680.22559,2.109673884,1963408.379,6.93676242,36674740.9
1262,1681.57186,1.957111673,1686557.077,6.914000342,37107933.6
1263,1684.10352,1.541173158,1054989.064,6.63161972,27843447.6
1264,1698.16721,1.627356447,1555222.857,6.761829546,37554489.9
1265,1735.34276,2.186667217,1497970.839,6.832949503,48919315.3
1266,1780.41366,1.716380446,1240370.657,6.667944412,45144163.7
1267,1762.0575,1.951458071,2276717.717,6.953817218,58328490.8
1268,1768.19255,3.137893093,2763293.948,7.051820249,57184939.7
1269,1793.44959,2.12789428,2411308.064,7.071545559,52502665.3
1270,1757.17385,2.896562769,2489221.698,7.11117567,46783210.4
1271,1736.78157,1.917287225,1942049.19,6.946103663,30009468.4
1272,1736.89261,2.348571724,3409329.247,7.218600784,45511477.8
1273,1754.19339,2.616408774,7071704.46,7.043984948,55946910.3
1274,1772.80671,2.063690688,3454897.88,6.952866825,49366584.0
1275,1769.27723,1.194593341,2563262.06,6.841150336,37324500.9
1276,1755.29034,2.235230697,1945322.107,6.810863015,35317165.6
1277,1727.02131,1.532713976,5460574.927,7.019841307,46219817.2
1278,1768.4937,2.196685218,1929075.083,6.899774876,52700837.0
1279,1774.17739,1.665842317,1894668.833,6.813817155,37125522.2
1280,1655.70725,0.883417673,2421803.168,6.619351937,85037539.6
1281,1578.22338,0.857582536,2736031.46,6.79077554,50846250.0
1282,1588.65696,1.345183668,4048663.82,6.824623976,77041770.2
1283,1585.68315,1.702747561,2126713.48,6.679107919,42622487.7
1284,1531.83398,1.317551821,3855704.052,6.917528092,41675601.0
1285,1483.55261,1.339816324,3537041.762,6.797232889,50303242.4
1286,1483.55261,1.339816324,3537041.762,6.797232889,50303242.4
1287,1483.55261,1.339816324,3537041.762,6.797232889,50303242.4
1288,1565.33398,1.509186947,1864526.712,6.65902146,33399262.2
1289,1614.09595,1.657530343,2527917.697,6.80665705,45529270.2
1290,1637.55836,1.208299471,3514657.909,7.034167313,56533583.3
1291,1653.01428,2.133023731,1059288.224,6.674857609,23268511.1
1292,1632.43815,1.681416237,1970299.148,6.836504014,35397152.0
1293,1637.74541,1.778437222,1672502.767,6.996788809,28014289.58
1294,1634.73929,1.239617029,1472468.059,6.839013126,32358855.6
1295,1607.29493,1.843026103,2184834.041,6.982513118,33242714.0
1296,1590.79826,1.601166665,2603189.607,6.942939282,33211337.9
1297,1565.83803,1.208488382,2438063.973,6.934011442,33506755.8
1298,1598.27458,1.644547279,1552546.228,6.704812984,34628489.7
1299,1543.35624,1.707181076,1827379.889,6.736665782,29101322.7
1300,1524.52152,1.261604806,2750831.333,6.877308881,39413752.8
1301,1535.78313,1.968666848,2923773.417,6.837141785,28833256.5
1302,1566.62927,1.390678778,2914587.636,7.057748936,29873631.6
1303,1557.28157,1.368182828,1714055.542,6.721670969,19211911.3
1304,1564.80873,1.778518819,1457175.473,6.735951012,26063499.1
1305,1590.18227,1.45863658,1511543.165,6.926189077,36695751.7
1306,1599.51233,0.948958606,1755984.458,6.995631704,35031689.25
1307,1588.15302,1.025355452,967329.1265,6.57738489,24431598.3
1308,1576.14049,0.944523419,1028490.928,6.748488985,25333120.3
1309,1567.57019,1.470981568,1549103.703,6.772433359,27143583.4
1310,1566.47841,1.312760742,1151143.925,6.740226158,28622475.0
1311,1523.7061,1.524603927,1592075.891,6.743378151,28149394.8
1312,1521.5253,0.892706992,1081165.612,6.754282688,22862475.4
1313,1542.32221,1.192585187,1814268.401,6.761187784,25216825.45
1314,1531.355,0.926104277,1905435.977,6.863733141,26985751.3
1315,1511.58669,1.007421125,1368512.819,6.753630609,22359248.2
1316,1520.24397,0.978510022,1119947.041,6.706230249,24839101.0
1317,1505.91327,0.907140066,1103545.024,6.572454353,23474955.2
1318,1503.49326,1.116648956,2590651.183,7.106484307,29888116.1
1319,1503.49326,1.124025728,2607790.592,7.110645262,29888116.1
1320,1503.49326,1.124025728,2607790.592,7.110645262,29888116.1
1321,1503.49326,1.115141261,2587120.249,7.105627098,29888116.1
1322,1513.12657,1.085006791,1574498.379,6.832685294,21519807.3
1323,1511.12872,1.124178852,1557352.945,6.771539255,21729011.5
1324,1538.62898,0.838138695,2085636.251,6.907520537,24769446.4
1325,1532.25033,0.801708508,841553.9499,6.616711719,13893840.3
1326,1540.40504,0.96642909,1225844.869,6.60520849,18395443.99
1327,1557.68962,1.591630881,1305144.461,6.666178633,25366475.9
1328,1545.1098,1.001498014,1701623.447,6.919731654,22938974.6
1329,1542.63082,1.170235674,1075525.979,6.818556649,24119635.0
1330,1523.15935,0.995780181,638903.938,6.490016342,20282960.39
1331,1494.41757,0.732222232,743325.6064,6.500740165,18001696.7
1332,1515.67396,0.65841799,1452146.486,6.989148659,26560742.7
1333,1519.47259,1.660113228,1241085.922,6.774185551,21013795.38
1334,1503.34362,1.812242517,2956021.679,7.048257813,38458080.8
1335,1494.66374,1.687214422,2222936.802,6.998849681,21370937.17
1336,1478.77806,1.646624969,3720928.556,7.050900521,23381054.1
1337,1461.80481,1.156114155,3448544.21,6.910926953,30511314.3
1338,1431.64673,1.39438797,2454183.949,6.835529354,34373867.3
1339,1381.55923,1.163048298,2348851.96,6.84723586,37449781.7
1340,1405.94572,0.951649951,1512203.411,6.719716987,32169573.0
1341,1405.94572,0.952152745,1512321.393,6.719848231,32169573.0
1342,1405.94572,0.952152745,1512321.393,6.719848231,32169573.0
1343,1350.05695,1.080704286,1924380.839,6.78193935,29974707.3
1344,1280.78709,1.106697467,3562196.004,6.828657744,46373470.8
1345,1257.32478,0.95748554,3023608.619,6.914254687,47001149.4
1346,1193.17953,1.265508532,2154834.047,6.805764129,31486371.4
1347,1089.79966,0.770882804,4882515.518,6.955881873,85213700.3
1348,1157.38918,1.123602932,3961471.692,6.9037792,51636871.7
1349,1228.37063,1.476340455,8613106.732,7.095554516,57063566.9
1350,1179.10969,1.482075457,5003197.686,6.957035907,51468963.9
1351,1144.87259,1.878134623,4220264.92,7.116080067,56028042.4
1352,1183.048,1.579775709,4757335.267,6.979104145,63412733.5
1353,1243.29611,1.440224524,2749453.64,7.004554028,48212345.2
1354,1239.71944,1.117676504,3263925.208,6.784617253,41370177.6
1355,1227.64902,0.966688903,3415983.498,7.094899331,32012454.7
1356,1225.31571,1.096985834,1302571.373,6.648520163,18430187.1
1357,1198.80415,0.804641028,2479214.419,6.925873921,24827201.6
1358,1167.06912,1.236349809,2186806.852,6.878385776,25467196.8
1359,1150.59856,0.468321656,8216768.127,7.128165473,36193303.0
1360,1150.59856,0.468325857,8157684.373,7.123417473,36193303.0
1361,1114.455,0.46704113,5532478.915,6.70128717,23727297.5
1362,1083.81017,1.041875886,4576735.756,6.985289432,33122046.1
1363,1083.62293,0.986213936,3658510.539,6.942637972,31149069.4
1364,1093.22744,0.937237239,1138069.93,6.689345749,27886463.0
1365,1098.1124,1.017058702,12278595.43,6.861908171,44396140.29
1366,1119.58178,0.933740293,2745723.797,6.99928038,30819525.09
1367,1177.47028,0.932447572,3477412.184,7.010889054,48916329.4
1368,1186.17576,0.666243723,3410671.854,7.053805821,36787091.0
1369,1173.8121,0.512515571,5514190.359,7.003921582,33360213.8
1370,1201.08614,0.914446689,3264888.736,6.879845197,43382576.6
1371,1205.95101,1.295674855,1895701.24,6.796249228,28579503.8
1372,1156.37929,1.376228485,1685848.12,6.71960337,23113401.4
1373,1131.75765,0.959470378,1242112.813,6.612042044,21713353.43
1374,1046.73224,1.234054851,3419415.185,6.94640589,34218231.6
1375,1032.96011,0.824769667,1795398.329,6.746142034,26807954.24
1376,945.22218,0.886164073,1481560.235,6.586216688,36958723.3
1377,1002.32459,0.95371065,2186889.519,6.695489892,45673568.4
1378,1002.32459,0.95459343,2182996.43,6.693847178,45673568.4
1379,1085.01786,1.430805206,4053437.813,6.956839202,99989047.1
1380,1075.86277,0.676924169,1789079.524,6.768572206,33933272.6
1381,1023.2055,0.721534268,1383381.677,6.606072234,22702406.6
1382,1005.35517,0.873680626,759554.0285,6.515378673,15496628.67
1383,893.40109,0.849889525,4121548.78,7.035308012,44161455.7
1384,907.04453,0.951342607,2281198.319,6.773800263,38571894.0
1385,842.46463,1.055669186,2380362.143,6.965665112,36993402.4
1386,825.18439,0.898899488,1704362.961,6.805195485,38904591.5
1387,918.13688,0.91880116,1778179.51,6.673350185,34850708.2
1388,933.06336,0.684253781,698952.7844,6.240461142,10816433.43
1389,931.17331,1.249926507,1760973.358,6.825501159,26932039.0
1390,929.3775,0.74748222,982808.7021,6.706632653,17725153.79
1391,929.3775,0.74748222,982808.7021,6.706632653,17725153.79
1392,953.56421,0.837583872,731593.9163,6.377078147,12903446.67
1393,938.3179,0.709435382,1656162.977,6.625748773,15737110.99
1394,927.49977,0.843225802,1542887.565,6.796281923,15600616.16
1395,915.79298,0.793891868,840223.2521,6.689977515,13726163.25
1396,903.60525,0.745348197,1200807.217,6.766278597,14960279.62
1397,912.71047,1.082923395,1232841.523,6.61304877,14168317.94
1398,921.16056,1.003551939,623632.216,6.438343388,13536010.53
1399,907.42766,0.602300849,585074.1157,6.529894061,9713265.66
1400,936.85929,0.914612036,1412877.28,6.803488859,20068584.0
1401,942.08325,0.985533152,705009.1075,6.700291717,13977711.21
1402,967.88631,1.068978425,1525624.108,6.951587371,18658955.0
1403,1008.50372,1.002668572,1971644.859,7.079031683,26530070.3
1404,1004.86147,1.187996898,1179777.953,6.846095036,20890747.0
1405,1008.85402,1.096916951,1130826.432,6.715600046,19047560.4
1406,1008.01942,1.193121492,755048.3256,6.602265001,19475683.85
1407,1007.99863,1.097736776,890572.2425,6.730205662,24306744.65
1408,1001.7713,1.04595877,694014.5335,6.478664172,16538375.28
1409,985.37013,1.424590923,1526137.071,6.73147484,19738311.22
1410,1001.96393,1.089439983,1527250.229,6.824617473,13403850.08
1411,989.93555,1.20539791,1072779.51,6.708980921,13511080.69
1412,950.70825,0.765365412,1416175.404,6.761931563,19048676.67
1413,896.87544,0.889182882,1330644.985,6.715188584,20857205.56
1414,891.23963,0.956333531,1103052.079,6.606726926,17052900.08
1415,853.61487,0.805835081,1784029.129,6.860520777,25762617.4
1416,791.05783,1.028935791,2179241.708,6.932739369,30075304.2
1417,832.84618,0.826207405,1316811.279,6.703021372,23885057.41
1418,833.5238,0.856932032,1688237.704,6.745211049,24485272.3
1419,839.01482,0.887086885,1249195.244,6.718748855,25818063.34
1420,817.15902,0.932099664,1634765.467,6.973977612,24161205.66
1421,817.15902,0.931448106,1634158.928,6.972989624,24161205.66
1422,808.1215,1.029652875,3148806.887,7.026566586,27874040.07
1423,828.24542,0.995081885,1262899.168,6.669481071,20373747.05
1424,815.70286,1.273115222,934377.6559,6.728440708,20804924.51
1425,753.3514,1.053680332,2517368.451,7.128280713,52327070.4
1426,756.34435,0.829857204,1119339.78,6.612981956,27755679.91
1427,729.24407,0.927820441,1206200.138,6.794592126,25130357.08
1428,714.23293,0.979822932,2210070.859,6.568008254,30650444.4
1429,604.29995,0.642159946,2765035.059,6.579321627,37441329.0
1430,709.66996,1.022878313,2231271.088,6.713188653,42366529.2
1431,678.37348,0.854827815,1233269.435,6.506729189,14815627.81
1432,635.18813,1.087847563,1323999.321,6.520348975,24995863.81
1433,671.3095,0.819512118,1370441.817,6.592603465,32002693.04
1434,731.73516,1.429793095,1717483.538,6.766119154,39970701.3
1435,739.30366,0.814932268,1288206.136,6.63973332,22255355.3
1436,719.10882,0.897625316,541974.5695,6.441143505,12961023.63
1437,702.67913,0.905880534,1263474.795,6.719129934,22983752.67
1438,715.8217,1.102929449,869968.3021,6.474629835,20039238.55
1439,703.81544,1.11467317,1086085.18,6.636062017,20437358.31
1440,691.73157,1.02412682,979694.1705,6.694360569,16832345.82
1441,719.41573,0.931005343,1040248.921,6.657288436,25018086.17
1442,737.06098,1.409595187,1126381.857,6.713004503,22766091.83
1443,773.44168,1.536881054,1517620.701,6.785752478,35585551.4
1444,831.76103,1.029634348,2410362.312,6.86898136,51936568.2
1445,851.19934,0.926462674,1723622.706,6.75149013,34493799.8
1446,822.45148,1.15626264,969072.8683,6.436572878,20434840.1
1447,826.99377,0.903457582,1524670.114,6.676880677,30009654.73
1448,811.73851,0.985683642,1202709.621,6.766884288,23394180.49
1449,774.9697,0.933689009,2451706.837,6.80262566,27406582.0
1450,739.9621,0.845016345,2067232.704,6.856272563,23846796.2
1451,747.60543,0.893651259,1468736.264,6.520198798,19208324.68
1452,779.49344,1.022967785,1766414.306,6.783618508,17620530.5
1453,774.13883,0.73383721,2877055.003,6.800191431,22405563.23
1454,714.57798,1.151337633,3512830.726,6.81782746,22355577.77
1455,708.67371,1.055436454,2427603.659,6.749979147,20268626.49
1456,718.76616,1.109950391,5773100.247,7.093674758,20063883.29
1457,695.26087,1.177629156,3281359.505,6.844898024,20448880.31
1458,671.59456,1.072428554,3042179.273,6.832814299,16821491.86
1459,660.99636,1.016334905,2331902.166,6.5473748,21235559.56
1460,720.48294,0.959194215,1966247.959,6.707299842,18173105.49
1461,720.48294,0.966781568,1979826.929,6.71270949,18173105.49
1462,715.5043,1.014442076,1241311.236,6.561709627,10491279.47
1463,695.96319,0.959153453,1373818.708,6.677080194,9501395.4
1464,680.95267,1.286010723,3414252.979,6.867018839,14336551.41
1465,691.38472,0.898428858,2135528.227,6.908605943,12223721.65
1466,688.6752,1.206280533,1593399.403,6.673638024,13886140.0
1467,680.5335,1.164355192,1890661.799,6.803911429,16723331.3
1468,678.65937,0.903658737,1313053.281,6.525416072,14091593.06
1469,705.16912,0.917366491,3023866.051,6.90240953,25652230.76
1470,700.61878,1.017628342,8928208.779,7.059753015,28089809.17
1471,692.03408,0.867266417,4358406.223,6.772463958,19488990.6
1472,705.38121,1.079298413,3117548.039,6.849377658,12632842.78
1473,727.38811,0.852984442,1775837.52,6.741995802,21606883.34
1474,785.00168,0.916595063,1200126.293,6.550488881,19135584.53
1475,794.04082,0.696532246,892388.8586,6.451456745,13742649.82
1476,790.13377,0.779662991,1175715.617,6.566323154,15160370.63
1477,781.17249,1.212512471,860607.7094,6.237235336,8604387.49
